audio_0001_The_nhung_no_lai_co_mat_o_moi_ngoc_ngach_nga_duong.wav|R8_BMIHJQU8|Thế nhưng nó lại có mặt ở mọi ngóc ngách, ngã đường và người dân Việt coi phở như một món ăn thân thuộc.
audio_0002_Banh_mi_thom_ngon_gia_thanh_re_nen_da_tro_thanh_mo.wav|R8_BMIHJQU8|Bánh mì thơm ngon, giá thành rẻ nên đã trở thành món ăn quen thuộc của nhiều người.
audio_0003_No_duoc_lam_tu_banh_trang_cuon_voi_cac_loai_rau_th.wav|R8_BMIHJQU8|Nó được làm từ bánh tráng cuộn với các loại rau thơm, bún và một số loại thịt như thịt bò, heo, vịt, tôm, cá, cua.
audio_0004_Neu_co_khoang_trong_duoi_that_lung_co_the_su_dung.wav|R8_BMIHJQU8|Nếu có khoảng trống dưới thắt lưng, có thể sử dụng một chiếc gối nhỏ để hỗ trợ thêm.
audio_0005_Trong_nuoc_dung_cua_bun_nguoi_Hue_thuong_nem_vao_m.wav|R8_BMIHJQU8|Trong nước dùng của bún, người Huế thường nêm vào một ít mắm ruốc, góp phần làm nên hương vị rất riêng của nồi bún bò Huế.
audio_0006_Day_cung_la_vai_dien_dau_tien_cua_ba_tren_man_anh.wav|R8_BMIHJQU8|Đây cũng là vai diễn đầu tiên của bà trên màn ảnh nhưng bà đã bất ngờ gây ấn tượng mạnh mẽ với khán giả.
audio_0007_Ba_cung_chu_trong_tim_kiem_nhung_nghe_si_tre_dam_m.wav|R8_BMIHJQU8|Bà cũng chú trọng tìm kiếm những nghệ sĩ trẻ đam mê, nhiệt huyết và không ngại thử thách.
audio_0008_Ban_nen_lien_lac_voi_ben_bao_hanh_sua_chua_de_tien.wav|R8_BMIHJQU8|Bạn nên liên lạc với bên bảo hành sửa chữa để tiến hành kiểm tra xem ống dẫn ga có bị rò rỉ hay không.
audio_0009_Hai_ben_duong_la_rung_duoc_xanh_mang_lai_cam_giac.wav|R8_BMIHJQU8|Hai bên đường là rừng đước xanh mang lại cảm giác dễ chịu, thư thả.
audio_0010_Truong_Du_Hi_chua_bao_gio_len_tieng_ve_nghi_van_ch.wav|R8_BMIHJQU8|Trương Dư Hi chưa bao giờ lên tiếng về nghi vấn chỉnh sửa nhan sắc.
audio_0011_Voi_thiet_ke_hien_dai_va_thong_minh_chung_co_the_d.wav|R8_BMIHJQU8|Với thiết kế hiện đại và thông minh, chúng có thể đáp ứng mọi yêu cầu và lợi ích của tất cả các đối tượng tham gia giao thông.
audio_0012_Day_la_mot_loai_giay_di_xe_dap_thuong_duoc_cac_tuy.wav|R8_BMIHJQU8|Đây là một loại giày đi xe đạp thường được các tuyển thủ chọn đồng hành.
audio_0013_Loai_giay_nay_khong_tien_dung_khi_di_bo_do_no_khon.wav|R8_BMIHJQU8|Loại giày này không tiện dụng khi đi bộ do nó không có lực bám ở đế và không có khả năng uốn cong mu bàn chân.
audio_0014_Cong_nghe_moi_nay_se_dac_biet_huu_ich_tai_nhung_do.wav|R8_BMIHJQU8|Công nghệ mới này sẽ đặc biệt hữu ích tại những đoạn đường có lối đi bộ qua đường khó quan sát do đặc thù địa hình.
audio_0015_Mua_dong_chinh_la_thoi_diem_ma_mot_he_thong_may_ch.wav|R8_BMIHJQU8|Mùa đông chính là thời điểm mà một hệ thống máy chiếu như thế này có thể phát huy tối đa tác dụng.
audio_0016_Gu_thoi_trang_vua_goi_cam_vua_ca_tinh_cua_co_cung.wav|R8_BMIHJQU8|Gu thời trang vừa gợi cảm, vừa cá tính của cô cũng tạo thành xu hướng trong giới trẻ.
audio_0017_Giao_su_cho_rang_van_toc_gio_khong_phai_la_hang_so.wav|R8_BMIHJQU8|Giáo sư cho rằng vận tốc gió không phải là hằng số xuyên suốt quá trình làm thí nghiệm.
audio_0018_May_say_giay_se_su_dung_luong_khi_am_ap_nhe_nhang.wav|R8_BMIHJQU8|Máy sấy giày sẽ sử dụng luồng khí ấm áp, nhẹ nhàng để làm khô đôi giày của bạn.
audio_0019_Ban_co_the_su_dung_ban_chai_chuyen_dung_ket_hop_cu.wav|R8_BMIHJQU8|Bạn có thể sử dụng bàn chải chuyên dụng kết hợp cùng với nước ấm và xà phòng để loại bỏ đi những vết bẩn cứng đầu bám lâu ngày.
audio_0020_De_tong_hop_uoc_tinh_toan_cau_cua_ho_ve_pham_vi_ba.wav|R8_BMIHJQU8|Để tổng hợp ước tính toàn cầu của họ về phạm vi băng quyển, các tác giả đã chia bề mặt hành tinh thành một hệ thống lưới.
audio_0021_O_thanh_pho_duong_nhua_va_be_tong_hap_thu_nhiet_tr.wav|R8_BMIHJQU8|Ở thành phố, đường nhựa và bê tông hấp thụ nhiệt trong suốt cả ngày, ban đêm sẽ phả lại nhiệt vào bầu không khí.
audio_0022_May_vi_the_cung_khong_the_hinh_thanh_cho_phep_anh.wav|R8_BMIHJQU8|Mây vì thế cũng không thể hình thành, cho phép ánh nắng tiếp tục chiếu trực tiếp xuống dưới.
audio_0023_Trong_vom_nhiet_gio_nong_luan_chuyen_khong_khi_cuc.wav|R8_BMIHJQU8|Trong vòm nhiệt, gió nóng luân chuyển không khí cục bộ, tiếp tục củng cố mái vòm và tạo thành các đợt sóng nhiệt nguy hiểm.
audio_0024_Hau_qua_ma_mot_vom_nhiet_co_the_gay_ra_cho_khu_vuc.wav|R8_BMIHJQU8|Hậu quả mà một vòm nhiệt có thể gây ra cho khu vực nó ảnh hưởng là những đám cháy.
audio_0025_Khi_than_nhiet_tang_len_mau_se_dac_lai_khien_nhip.wav|R8_BMIHJQU8|Khi thân nhiệt tăng lên, máu sẽ đặc lại khiến nhịp tim và lực nó sản sinh trong mỗi lần co bóp đồng thời cũng phải tăng lên.
audio_0026_Nhung_ban_than_trai_tim_cung_can_phai_duoc_cung_ca.wav|R8_BMIHJQU8|Nhưng bản thân trái tim cũng cần phải được cung cấp nhiều máu hơn mới có thể hoạt động trong điều kiện căng thẳng.
audio_0027_Chung_ta_biet_mot_so_loai_dong_vat_mau_lanh_nhu_ec.wav|R8_BMIHJQU8|Chúng ta biết một số loài động vật máu lạnh như ếch và rắn di chuyển rất chậm khi gặp nhiệt độ lạnh.
audio_0028_Dieu_nay_giup_chung_co_the_di_chuyen_nhanh_hieu_qu.wav|R8_BMIHJQU8|Điều này giúp chúng có thể di chuyển nhanh, hiệu quả và tìm đến nơi trú ẩn ẩm áp.
audio_0029_Mat_do_xuong_cua_benh_nhan_nay_day_dac_hon_gap_8_l.wav|R8_BMIHJQU8|Mật độ xương của bệnh nhân này dày đặc hơn gấp 8 lần so với người bình thường.
audio_0030_Dieu_nay_khong_gay_ra_bat_ky_van_de_gi_cho_benh_nh.wav|R8_BMIHJQU8|Điều này không gây ra bất kỳ vấn đề gì cho bệnh nhân ngoài khả năng không thể bị gãy xương.
audio_0031_Nhin_nhung_khoanh_khac_hanh_phuc_cua_cap_doi_nhieu.wav|R8_BMIHJQU8|Nhìn những khoảnh khắc hạnh phúc của cặp đôi, nhiều khán giả không khỏi trầm trồ ngưỡng mộ.
audio_0032_Nho_do_con_nguoi_co_the_goi_nho_chinh_xac_thu_tu_m.wav|R8_BMIHJQU8|Nhờ đó con người có thể gợi nhớ chính xác thứ tự mà sự việc xảy ra.
audio_0033_Su_hinh_thanh_ky_uc_trai_nghiem_can_co_su_ket_noi.wav|R8_BMIHJQU8|Sự hình thành ký ức trải nghiệm cần có sự kết nối giữa các sự kiện trong một trải nghiệm với trình tự thời gian.
audio_0034_Su_an_ui_co_the_gay_anh_huong_tich_cuc_den_cac_pha.wav|R8_BMIHJQU8|Sự an ủi có thể gây ảnh hưởng tích cực đến các phản ứng tâm sinh lý, tăng cường hệ miễn dịch, nội tiết và tuần hoàn.
audio_0035_Khi_chuyen_tu_do_uong_co_duong_sang_nuoc_loc_ban_s.wav|R8_BMIHJQU8|Khi chuyển từ đồ uống có đường sang nước lọc, bạn sẽ chứng kiến một điều kỳ diệu xảy ra với làn da mình.
audio_0036_Neu_bi_dau_lung_do_thoat_vi_dia_dem_tu_the_nam_ngh.wav|R8_BMIHJQU8|Nếu bị đau lưng do thoát vị đĩa đệm, tư thế nằm nghiêng giống thai nhi trong bụng mẹ có thể mang lại hiệu quả.
audio_0037_Dieu_nay_khien_trai_tim_phai_lam_viec_rat_cuc_nhoc.wav|R8_BMIHJQU8|Điều này khiến trái tim phải làm việc rất cực nhọc mới có thể bơm máu đi khắp cơ thể.
audio_0038_Nam_sap_va_dat_mot_chiec_goi_o_bung_duoi_co_the_gi.wav|R8_BMIHJQU8|Nằm sấp và đặt một chiếc gối ở bụng dưới có thể giảm bớt áp lực lên phần lưng.
audio_0039_Nuoc_may_hay_mot_so_loai_nuoc_dong_chai_co_chua_fl.wav|R8_BMIHJQU8|Nước máy hay một số loại nước đóng chai có chứa florua giúp phòng ngừa sâu răng.
audio_0040_Khi_ban_uong_nuoc_trong_bua_an_no_se_tao_them_ap_l.wav|R8_BMIHJQU8|Khi bạn uống nước trong bữa ăn, nó sẽ tạo thêm áp lực cho dạ dày.
audio_0041_Ngoai_ra_mot_so_loai_do_uong_se_khien_tinh_trang_a.wav|R8_BMIHJQU8|Ngoài ra, một số loại đồ uống sẽ khiến tình trạng a-xít trào ngược tồi tệ hơn như rượu, cà phê, trà, đặc biệt là đồ uống có ga.
audio_0042_Theo_tinh_toan_trung_binh_mot_nguoi_dan_ong_truong.wav|R8_BMIHJQU8|Theo tính toán trung bình, một người đàn ông trưởng thành nên uống khoảng 3 lít nước mỗi ngày.
audio_0043_Uong_qua_nhieu_nuoc_cung_co_the_pha_loang_mau_cua.wav|R8_BMIHJQU8|Uống quá nhiều nước cũng có thể pha loãng máu của bạn, dẫn đến sự mất cân bằng chất điện giải, hạ natri máu.
audio_0044_No_co_the_dan_den_nhieu_nguy_co_suc_khoe_tham_chi.wav|R8_BMIHJQU8|Nó có thể dẫn đến nhiều nguy cơ sức khỏe, thậm chí là nguy hiểm tính mạng.
audio_0045_Trong_suot_nhieu_nam_chu_de_tien_dien_mua_he_tang.wav|R8_BMIHJQU8|Trong suốt nhiều năm, chủ đề tiền điện mùa hè tăng đột biến luôn được đưa ra bàn luận sôi nổi không có hồi kết.
audio_0046_Phien_ban_nay_la_loai_moi_nhat_long_giat_co_do_sau.wav|R8_BMIHJQU8|Phiên bản này là loại mới nhất, lồng giặt có độ sâu vừa phải được làm bằng thép không gỉ và rất chắc chắn.
audio_0047_Nhung_chuc_nang_ke_tren_cung_vua_du_de_dap_ung_nhu.wav|R8_BMIHJQU8|Những chức năng kể trên cũng vừa đủ để đáp ứng nhu cầu sử dụng của mọi hộ gia đình.
audio_0048_Ngoai_ra_ban_cung_co_the_su_dung_giay_de_hut_am_ch.wav|R8_BMIHJQU8|Ngoài ra, bạn cũng có thể sử dụng giấy để hút ẩm cho giày bằng cách bọc chúng ở phía bên ngoài.
audio_0049_Dieu_nay_khien_canh_cua_tu_khong_the_khit_hoac_se.wav|R8_BMIHJQU8|Điều này khiến cánh cửa tủ không thể khít hoặc sẽ có xu hướng tự mở nếu người dùng không để ý hoặc để nhiều thực phẩm trong tủ.
audio_0050_Tuy_nhien_ban_van_phai_dam_bao_co_the_luon_duoc_bu.wav|R8_BMIHJQU8|Tuy nhiên, bạn vẫn phải đảm bảo cơ thể luôn được bù nước đầy đủ trong cả ngày.
audio_0051_Trong_moi_truong_ap_suat_cao_may_nen_su_dung_ga_de.wav|R8_BMIHJQU8|Trong môi trường áp suất cao, máy nén sử dụng ga để tạo ra luồng khí nóng và thổi vào lồng sấy.
audio_0052_Luong_khi_nong_co_nhiem_vu_lay_hoi_am_tu_quan_ao_b.wav|R8_BMIHJQU8|Luồng khí nóng có nhiệm vụ lấy hơi ẩm từ quần áo, biến thành những luồng khí nóng ẩm và được làm mát ngay tại lồng sấy.
audio_0053_Khong_nhung_the_san_pham_so_huu_cong_nghe_nay_duoc.wav|R8_BMIHJQU8|Không những thế, sản phẩm sở hữu công nghệ này được đánh giá là đạt chuẩn tiết kiệm năng lượng châu Âu.
audio_0054_May_say_thong_hoi_la_loai_may_say_su_dung_thanh_di.wav|R8_BMIHJQU8|Máy sấy thông hơi là loại máy sấy sử dụng thanh điện trở nhiệt để làm nóng không khí.
audio_0055_Quat_gio_trong_may_say_se_thoi_qua_thanh_dien_tro.wav|R8_BMIHJQU8|Quạt gió trong máy sấy sẽ thổi qua thanh điện trở để đẩy không khí nóng vào trong buồng sấy làm nước trong quần áo bay hơi nhanh hơn.
audio_0056_Tuy_nhien_ban_can_dat_may_say_o_noi_thoang_de_hoi.wav|R8_BMIHJQU8|Tuy nhiên, bạn cần đặt máy sấy ở nơi thoáng để hơi nước thoát ra ngoài không làm ảnh hưởng đến các đồ dùng xung quanh.
audio_0057_May_say_ngung_tu_la_loai_may_say_su_dung_cong_nghe.wav|R8_BMIHJQU8|Máy sấy ngưng tụ là loại máy sấy sử dụng công nghệ ngưng tụ trong quá trình sấy.
audio_0058_Ben_canh_nhung_dac_diem_neu_tren_may_nay_con_co_da.wav|R8_BMIHJQU8|Bên cạnh những đặc điểm nêu trên, máy này còn có đặc điểm nữa là giá thành của nó tương đối cao so với các loại máy sấy thông thường.
audio_0059_Khi_mua_loai_may_say_thong_hoi_thi_ban_nen_luu_y_c.wav|R8_BMIHJQU8|Khi mua loại máy sấy thông hơi thì bạn nên lưu ý chọn vị trí thoáng mát, dễ dàng lắp đặt ống thông hơi cho máy.
audio_0060_Cong_nghe_nay_co_tac_dung_giu_lai_hoi_nuoc_trong_q.wav|R8_BMIHJQU8|Công nghệ này có tác dụng giữ lại hơi nước trong quá trình sấy và ngưng tụ thành nước bên trong buồng ngưng.
audio_0061_Moi_nguoi_co_the_trang_co_the_khong_giong_nhau_do.wav|R8_BMIHJQU8|Mỗi người có thể trạng cơ thể không giống nhau, do đó độ dài chân, lưng và tay cũng khác nhau.
audio_0062_Viec_dat_vi_tri_yen_xe_phu_hop_voi_tu_the_ngoi_cua.wav|R8_BMIHJQU8|Việc đặt vị trí yên xe phù hợp với tư thế ngồi của bạn giúp bạn giữ được cân bằng cơ thể.
audio_0063_Day_la_mot_trong_nhung_cong_thuc_duoc_su_dung_pho.wav|R8_BMIHJQU8|Đây là một trong những công thức được sử dụng phổ biến khi đo yên xe đạp.
audio_0064_Ban_co_the_tien_hanh_do_bang_cach_dung_thang_chan.wav|R8_BMIHJQU8|Bạn có thể tiến hành đo bằng cách đứng thẳng chân, chân không mang giày.
audio_0065_Nuoc_sau_khi_duoc_ngung_tu_se_chay_xuong_thung_chu.wav|R8_BMIHJQU8|Nước sau khi được ngưng tụ sẽ chảy xuống thùng chứa nước ngưng ở bên dưới.
audio_0066_Trai_voi_may_giat_cua_tren_may_giat_cua_ngang_se_h.wav|R8_BMIHJQU8|Trái với máy giặt cửa trên, máy giặt cửa ngang sẽ hạn chế việc sử dụng bột giặt hơn.
audio_0067_Ben_canh_do_nguoi_dung_nen_dung_luong_bot_giat_va.wav|R8_BMIHJQU8|Bên cạnh đó, người dùng nên dùng lượng bột giặt và loại bột giặt theo đúng chỉ dẫn của nhà sản xuất.
audio_0068_Hien_nay_tren_thi_truong_co_kha_nhieu_loai_nuoc_gi.wav|R8_BMIHJQU8|Hiện nay trên thị trường có khá nhiều loại nước giặt với mẫu mã đa dạng và công dụng khác nhau.
audio_0069_May_giat_cua_tren_la_mot_thiet_bi_co_the_su_dung_d.wav|R8_BMIHJQU8|Máy giặt cửa trên là một thiết bị có thể sử dụng được với rất nhiều loại nước giặt.
audio_0070_Boi_viec_lam_nay_chi_khien_ao_quan_bi_xoan_vao_nha.wav|R8_BMIHJQU8|Bởi việc làm này chỉ khiến áo quần bị xoắn vào nhau và không thể giặt sạch hoàn toàn.
audio_0071_May_giat_cua_truoc_lai_co_phan_kho_tinh_hon_nen_se.wav|R8_BMIHJQU8|Máy giặt cửa trước lại có phần khó tính hơn nên sẽ cần cho mình những loại nước giặt chuyên dụng, dành riêng cho nó.
audio_0072_Ngoai_ra_gia_ca_hop_li_con_la_uu_diem_lon_nhat_cua.wav|R8_BMIHJQU8|Ngoài ra, giá cả hợp lí còn là ưu điểm lớn nhất của hãng xe đạp này.
audio_0073_Do_la_mot_thuong_hieu_xe_dap_tre_em_den_tu_Dai_Loa.wav|R8_BMIHJQU8|Đó là một thương hiệu xe đạp trẻ em đến từ Đài Loan được nhiều bậc phụ huynh lựa chọn cho con em mình.
audio_0074_Lop_xe_duoc_thiet_ke_co_go_lon_voi_muc_dich_nham_h.wav|R8_BMIHJQU8|Lốp xe được thiết kế có gờ lớn với mục đích nhằm hạn chế trơn trượt khi bé đang di chuyển trên đường.
audio_0075_Cac_loai_giay_duoc_thiet_ke_de_chay_xe_dap_luon_du.wav|R8_BMIHJQU8|Các loại giày được thiết kế để chạy xe đạp luôn được người dùng quan tâm.
audio_0076_Doi_giay_nay_co_trong_luong_nhe_de_ngoai_tron_va_t.wav|R8_BMIHJQU8|Đôi giày này có trọng lượng nhẹ, đế ngoài trơn và thông thoáng tốt, đế cứng tạo điều kiện cho người lái dễ dàng đạp xe.
audio_0077_Nhung_doi_giay_do_thuong_co_de_kha_cung_de_giup_ch.wav|R8_BMIHJQU8|Những đôi giày đó thường có đế khá cứng để giúp cho việc đạp xe hiệu quả, có đủ độ cong và đế ngoài bằng cao su.
audio_0078_Dieu_nay_cuc_ky_quan_trong_voi_nhung_tay_dua_chuye.wav|R8_BMIHJQU8|Điều này cực kỳ quan trọng với những tay đua chuyên nghiệp khi phải đạp liên tục với vận tốc rất nhanh.
audio_0079_Phan_dinh_se_duoc_thiet_ke_tren_ban_dap_chu_khong.wav|R8_BMIHJQU8|Phần đinh sẽ được thiết kế trên bàn đạp chứ không phải giày vì vậy bạn cần lựa chọn kỹ để giày và bàn đạp tương thích với nhau.
audio_0080_Cong_them_phan_de_giay_kha_cung_nen_ban_se_can_tho.wav|R8_BMIHJQU8|Cộng thêm phần đế giày khá cứng nên bạn sẽ cần thời gian để có thể thích nghi.
audio_0081_Tat_ca_cac_doi_giay_nen_duoc_thiet_ke_sao_cho_ngon.wav|R8_BMIHJQU8|Tất cả các đôi giày nên được thiết kế sao cho ngón chân của bạn có đủ không gian để có thể ngọ nguậy một chút.
audio_0082_Ben_canh_do_quai_dan_se_giup_khoa_chat_chan_hon_so.wav|R8_BMIHJQU8|Bên cạnh đó quai dán sẽ giúp khóa chặt chân hơn so với các loại dây buộc, đảm bảo an toàn khi sử dụng.
audio_0083_Loai_khoa_nay_rat_de_bi_tham_uot_va_bam_ban_chinh.wav|R8_BMIHJQU8|Loại khóa này rất dễ bị thấm ướt và bám bẩn, chính vì vậy bạn cần lưu ý khi sử dụng chúng trong thời tiết mưa và ẩm ướt.
audio_0084_Ngoai_ra_no_con_co_tac_dung_giu_am_cho_doi_chan_cu.wav|R8_BMIHJQU8|Ngoài ra nó còn có tác dụng giữ ấm cho đôi chân của bạn trong những ngày thời tiết chuyển lạnh.
audio_0085_De_giu_cho_giay_luon_sach_va_moi_lau_ban_nen_thuon.wav|R8_BMIHJQU8|Để giữ cho giày luôn sạch và mới lâu bạn nên thường xuyên vệ sinh và lau chùi bằng khăn hoặc giẻ ngay khi giày bị bám bẩn.
audio_0086_Ban_hay_chu_y_lam_kho_hoan_toan_doi_giay_cua_ban_k.wav|R8_BMIHJQU8|Bạn hãy chú ý làm khô hoàn toàn đôi giày của bạn khi bị ẩm ướt để tránh giày bị hư hỏng.
audio_0087_Trong_tinh_trang_nay_nuoc_trong_co_the_tich_tru_kh.wav|R8_BMIHJQU8|Trong tình trạng này, nước trong cơ thể tích trữ khiến các tế bào trương phình lên.
audio_0088_Cac_mon_goi_cuon_hay_thit_ca_cuon_banh_trang_de_an.wav|R8_BMIHJQU8|Các món gỏi cuốn hay thịt, cá cuốn bánh tráng dễ ăn, làm đơn giản, thích hợp để thực hiện cho bữa tối ngày cuối tuần.
audio_0089_Moi_quan_he_giua_moi_truong_trong_nha_va_van_may_c.wav|R8_BMIHJQU8|Mối quan hệ giữa môi trường trong nhà và vận may của con người luôn tồn tại.
audio_0090_Nguoc_lai_cay_hoa_trong_nha_bong_tuoi_tot_canh_la.wav|R8_BMIHJQU8|Ngược lại cây, hoa trong nhà bỗng tươi tốt cành lá, hoa nở thì có nghĩa là điềm lành đang tới với bạn đấy.
audio_0091_Ong_la_bieu_tuong_cua_su_can_cu_cua_suc_song_trong.wav|R8_BMIHJQU8|Ong là biểu tượng của sự cần cù, của sức sống trong tự nhiên, chúng thường xây tổ ở những nơi có môi trường tốt, độ ẩm thích hợp.
audio_0092_Khi_ban_bat_ngo_thay_mong_tay_sac_mat_hong_hao_san.wav|R8_BMIHJQU8|Khi bạn bất ngờ thấy móng tay, sắc mặt hồng hào, sáng bóng, điều này có nghĩa là tinh thần bạn sảng khoái, một điều tốt lành sắp xảy ra.
audio_0093_Co_khuyen_cha_me_nen_can_nhac_dang_anh_nao_cua_con.wav|R8_BMIHJQU8|Cô khuyên cha mẹ nên cân nhắc đăng ảnh nào của con, ảnh nào không, nếu không thể ngừng làm việc đó.
audio_0094_Khong_trao_quyen_rieng_tu_cho_tre_khien_chung_ta_v.wav|R8_BMIHJQU8|Không trao quyền riêng tư cho trẻ khiến chúng ta vô tình đặt sự an toàn của chúng vào tình trạng nguy hiểm.
audio_0095_Chung_toi_co_the_chac_chan_rang_dieu_do_se_khong_c.wav|R8_BMIHJQU8|Chúng tôi có thể chắc chắn rằng điều đó sẽ không có tác động tích cực.
audio_0096_Tuy_nhien_co_tin_rang_co_nhung_cach_thuc_dung_va_s.wav|R8_BMIHJQU8|Tuy nhiên, cô tin rằng có những cách thức đúng và sai trong việc các bậc cha mẹ chia sẻ hình ảnh đứa trẻ với thế giới bên ngoài.
audio_0097_Co_mot_ranh_gioi_rat_mong_manh_giua_viec_khoe_hinh.wav|R8_BMIHJQU8|Có một ranh giới rất mỏng manh giữa việc khoe hình ảnh của con bạn trên mạng xã hội và bóc lột chúng.
audio_0098_Tham_gia_thu_gom_la_hoat_dong_cua_thanh_vien_cau_l.wav|R8_BMIHJQU8|Tham gia thu gom là hoạt động của thành viên câu lạc bộ kỹ năng và các bạn thanh niên về sinh hoạt hè.
audio_0099_Thong_qua_chuong_trinh_gop_phan_nang_cao_nhan_thuc.wav|R8_BMIHJQU8|Thông qua chương trình góp phần nâng cao nhận thức về việc bảo vệ môi trường.
audio_0100_Em_mang_chau_cay_nay_ve_de_khu_vuc_cua_so_gan_ban.wav|R8_BMIHJQU8|Em mang chậu cây này về để khu vực cửa sổ gần bàn học, tạo cảm giác xanh mát, tạo hứng thú mỗi khi học bài.
audio_0101_O_banh_mi_dac_ruot_nong_hoi_an_kem_bot_loc_nhan_to.wav|R8_BMIHJQU8|Ổ bánh mì đặc ruột, nóng hổi ăn kèm bột lọc nhân tôm dai dai là một trong những món lót dạ được nhiều người yêu thích.
audio_0102_Mon_nay_thuong_an_kem_nuoc_mam_ruoi_chut_mo_hanh_v.wav|R8_BMIHJQU8|Món này thường ăn kèm nước mắm, rưới chút mỡ hành và bánh mì chiên giòn lên trên.
audio_0103_Nhieu_nguoi_noi_rang_chua_an_banh_mi_bot_loc_la_ch.wav|R8_BMIHJQU8|Nhiều người nói rằng chưa ăn bánh mì bột lọc là chưa biết ẩm thực Đà thành.
audio_0104_Vi_the_khong_it_du_khach_den_Da_Nang_nhat_dinh_tim.wav|R8_BMIHJQU8|Vì thế, không ít du khách đến Đà Nẵng nhất định tìm món này cho ra.
audio_0105_Cac_ganh_xe_banh_banh_mi_bot_loc_bay_tri_don_gian.wav|R8_BMIHJQU8|Các gánh, xe bánh bánh mì bột lọc bày trí đơn giản, gồm một thau bánh bột lọc nhân tôm, bánh mì, rau thơm và nước mắm ngọt.
audio_0106_Nhan_tom_uop_gia_vi_vua_an_lop_bot_nho_mong_nen_an.wav|R8_BMIHJQU8|Nhân tôm ướp gia vị vừa ăn, lớp bột nhỏ, mỏng nên ăn ít bị ngán.
audio_0107_Muon_an_nhieu_loai_nhan_thuc_khach_goi_them_thit_x.wav|R8_BMIHJQU8|Muốn ăn nhiều loại nhân, thực khách gọi thêm thịt xá xíu hay chả bò hoặc bánh bột lọc nhân đậu xanh.
audio_0108_O_banh_mi_dac_ruot_dung_kieu_mien_Trung_hai_dau_nh.wav|R8_BMIHJQU8|Ổ bánh mì đặc ruột đúng kiểu miền Trung, hai đầu nhọn, nướng giòn, thơm, xẻ làm đôi rồi kẹp đầy nhân bên trong.
audio_0109_Cuoi_cung_nguoi_ban_nhet_them_vai_cong_rau_thom_ru.wav|R8_BMIHJQU8|Cuối cùng, người bán nhét thêm vài cọng rau thơm, rưới nước xốt lên là xong.
audio_0110_Cac_loai_ngu_coc_nguyen_cam_chua_qua_tinh_che_duoc.wav|R8_BMIHJQU8|Các loại ngũ cốc nguyên cám, chưa qua tinh chế được đánh giá cao về giá trị dinh dưỡng và có chỉ số đường huyết thấp, giàu chất xơ.
audio_0111_Tieu_thu_nhieu_duong_ngot_cung_lam_tang_sinh_cac_g.wav|R8_BMIHJQU8|Tiêu thụ nhiều đường ngọt cũng làm tăng sinh các gốc oxy tự do, đẩy nhanh tốc độ lão hóa.
audio_0112_Cac_loai_trai_cay_cung_chua_nhieu_duong_nen_ban_ca.wav|R8_BMIHJQU8|Các loại trái cây cũng chứa nhiều đường nên bạn cần chú trọng về liều lượng tiêu thụ.
audio_0113_Collagen_la_yeu_to_giup_duy_tri_su_san_chac_va_do.wav|R8_BMIHJQU8|Collagen là yếu tố giúp duy trì sự săn chắc và độ đàn hồi cho da.
audio_0114_Tuy_nhien_theo_thoi_gian_kha_nang_tai_tao_san_sinh.wav|R8_BMIHJQU8|Tuy nhiên theo thời gian, khả năng tái tạo, sản sinh collagen của cơ thể có xu hướng suy giảm.
audio_0115_Ngoai_ra_ban_cung_co_the_bo_sung_bang_cac_loai_thu.wav|R8_BMIHJQU8|Ngoài ra, bạn cũng có thể bổ sung bằng các loại thực phẩm chức năng như bột collagen.
audio_0116_Di_qua_may_con_pho_thay_ai_cung_co_doi_co_cap_cam.wav|R8_BMIHJQU8|Đi qua mấy con phố, thấy ai cũng có đôi có cặp, cảm giác hơi chạnh lòng.
audio_0117_Gia_ma_em_xuat_hien_ngay_bay_gio_de_co_nguoi_cung.wav|R8_BMIHJQU8|Giá mà em xuất hiện ngay bây giờ để có người cùng anh lắng nghe, chia sẻ mọi chuyện thì thật tốt.
audio_0118_Ve_tinh_cach_anh_duoc_nhan_xet_la_hien_lanh_va_die.wav|R8_BMIHJQU8|Về tính cách, anh được nhận xét là hiền lành và điềm đạm, tuy nhiên sẽ thay đổi khi gặp được đúng cạ nhé.
audio_0119_Ve_so_thich_ca_nhan_anh_thich_di_bo_quanh_ho_Guom.wav|R8_BMIHJQU8|Về sở thích cá nhân, anh thích đi bộ quanh hồ Gươm vào buổi tối, sau đó ngồi uống cà phê ngắm phố xá và mọi người.
audio_0120_Neu_co_duyen_hen_em_vao_mot_ngay_gan_nhat_o_do_nhe.wav|R8_BMIHJQU8|Nếu có duyên, hẹn em vào một ngày gần nhất ở đó nhé, mình sẽ nói chuyện và chia sẻ với nhau nhiều hơn.
audio_0121_Nha_o_cang_gan_anh_cang_tot_nhung_bat_cu_noi_dau_c.wav|R8_BMIHJQU8|Nhà ở càng gần anh càng tốt nhưng bất cứ nơi đâu có tình yêu, anh có thể tới đó.
audio_0122_Co_nhung_thuc_pham_ma_phu_nu_tren_30_tuoi_thuong_x.wav|R8_BMIHJQU8|Có những thực phẩm mà phụ nữ trên 30 tuổi thường xuyên ăn giúp bổ sung collagen và estrogen rất tốt, giúp ngăn ngừa lão hoá.
audio_0123_Ngoai_ra_moc_nhi_trang_con_giup_gan_thai_doc_ngan.wav|R8_BMIHJQU8|Ngoài ra, mộc nhĩ trắng còn giúp gan thải độc, ngăn ngừa chất độc tồn đọng trong tử cung.
audio_0124_Mot_so_chat_khac_trong_loai_thuc_pham_nay_con_co_t.wav|R8_BMIHJQU8|Một số chất khác trong loại thực phẩm này còn có tác dụng giảm tích tụ mỡ trong bụng, rất có lợi cho sức khỏe của phụ nữ.
audio_0125_Phu_nu_thuong_xuyen_an_dau_nanh_giup_tri_hoan_lao.wav|R8_BMIHJQU8|Phụ nữ thường xuyên ăn đậu nành giúp trì hoãn lão hóa hiệu quả, tăng khả năng đàn hồi của da.
audio_0126_Thit_ga_la_mot_trong_nhung_thuc_pham_lanh_manh_nha.wav|R8_BMIHJQU8|Thịt gà là một trong những thực phẩm lành mạnh nhất được các chuyên gia khuyên dùng.
audio_0127_Phan_co_va_sun_ga_la_noi_chua_rat_nhieu_collagen_g.wav|R8_BMIHJQU8|Phần cổ và sụn gà là nơi chứa rất nhiều collagen giúp đẩy lùi lão hóa, hỗ trợ điều trị viêm khớp.
audio_0128_Cang_co_tuoi_phu_nu_cang_nen_an_thit_ga_de_giup_du.wav|R8_BMIHJQU8|Càng có tuổi, phụ nữ càng nên ăn thịt gà để giúp duy trì cân nặng, bảo vệ sức khỏe, chống lão hóa.
audio_0129_Viec_uu_tien_thuc_pham_thuc_vat_toan_phan_trong_ch.wav|R8_BMIHJQU8|Việc ưu tiên thực phẩm thực vật toàn phần trong chế độ ăn Địa Trung Hải giúp làm chậm sự phát triển của mảng bám tích tụ trong động mạch.
audio_0130_Che_do_dinh_duong_han_che_thuc_pham_da_qua_che_bie.wav|R8_BMIHJQU8|Chế độ dinh dưỡng hạn chế thực phẩm đã qua chế biến, thêm đường, ngũ cốc tinh chế.
audio_0131_Che_do_an_mang_lai_mot_loat_cac_loi_ich_suc_khoe_b.wav|R8_BMIHJQU8|Chế độ ăn mang lại một loạt các lợi ích sức khỏe bao gồm giảm cân, sức khỏe tim và não, ngăn ngừa ung thư, kiểm soát bệnh tiểu đường.
audio_0132_Ban_se_tim_thay_thuc_pham_bo_duong_nhu_ca_ngu_coc.wav|R8_BMIHJQU8|Bạn sẽ tìm thấy thực phẩm bổ dưỡng như cá, ngũ cốc nguyên hạt, các loại hạt, rau và trái cây trong chế độ ăn Địa Trung Hải.
audio_0133_Ket_qua_cho_thay_che_do_an_Dia_Trung_Hai_co_hieu_q.wav|R8_BMIHJQU8|Kết quả cho thấy, chế độ ăn Địa Trung Hải có hiệu quả hơn trong việc làm chậm sự phát triển của mảng bám tích tụ trong động mạch.
audio_0134_Cach_an_uong_cung_co_the_giup_giam_muc_huyet_ap_de.wav|R8_BMIHJQU8|Cách ăn uống cũng có thể giúp giảm mức huyết áp để hỗ trợ sức khỏe tim mạch.
audio_0135_Nhung_loi_ich_cho_tim_cua_che_do_an_kieng_phan_lon.wav|R8_BMIHJQU8|Những lợi ích cho tim của chế độ ăn kiêng phần lớn do tập trung vào thực phẩm thực vật toàn phần, chế biến tối thiểu, chất béo lành mạnh.
audio_0136_Vi_du_dau_o_liu_nguyen_chat_rat_giau_chat_beo_khon.wav|R8_BMIHJQU8|Ví dụ, dầu ô liu nguyên chất rất giàu chất béo không bão hòa đơn và các hợp chất có đặc tính chống oxy hóa, chống viêm mạnh.
audio_0137_Them_vao_do_mat_ong_con_co_dac_tinh_khang_khuan_va.wav|R8_BMIHJQU8|Thêm vào đó, mật ong còn có đặc tính kháng khuẩn và khử trùng, giữ cho da đầu sạch sẽ và khỏe mạnh, giúp tóc chắc khỏe, óng mượt.
audio_0138_Nha_dam_khi_ket_hop_voi_dau_me_co_dac_tinh_khu_tru.wav|R8_BMIHJQU8|Nha đam khi kết hợp với dầu mè có đặc tính khử trùng giúp giữ cho da đầu sạch sẽ và trị gàu hiệu quả.
audio_0139_Qua_bo_rat_giau_chat_chong_oxy_hoa_va_ngan_ngua_ta.wav|R8_BMIHJQU8|Quả bơ rất giàu chất chống oxy hóa và ngăn ngừa tác hại của các gốc tự do.
audio_0140_Sua_chua_co_chua_axit_lactic_va_protein_giup_lam_s.wav|R8_BMIHJQU8|Sữa chua có chứa axit lactic và protein, giúp làm sạch da đầu và thúc đẩy sự phát triển của tóc.
audio_0141_Lay_hon_hop_tren_dau_ngon_tay_nhe_nhang_xoa_bop_ho.wav|R8_BMIHJQU8|Lấy hỗn hợp trên đầu ngón tay, nhẹ nhàng xoa bóp hỗn hợp lên da đầu và xoa đều theo chiều dài của tóc.
audio_0142_Dau_me_ket_hop_voi_trung_giup_nuoi_duong_da_dau_va.wav|R8_BMIHJQU8|Dầu mè kết hợp với trứng giúp nuôi dưỡng da đầu và thúc đẩy sự phát triển của tóc.
audio_0143_Con_dau_lung_khong_chi_anh_huong_toi_cac_hoat_dong.wav|R8_BMIHJQU8|Cơn đau lưng không chỉ ảnh hưởng tới các hoạt động hàng ngày mà còn khiến người bệnh khó ngủ, thậm chí mất ngủ trầm trọng.
audio_0144_Viec_duy_tri_tu_the_dong_vai_tro_rat_quan_trong_gi.wav|R8_BMIHJQU8|Việc duy trì tư thế đóng vai trò rất quan trọng giúp các cơn đau lưng thuyên giảm, giúp người bệnh có thể ngủ ngon hơn.
audio_0145_Duoi_day_la_nhung_tu_the_ngu_tot_danh_cho_nguoi_da.wav|R8_BMIHJQU8|Dưới đây là những tư thế ngủ tốt dành cho người đang bị tình trạng đau lưng.
audio_0146_Duy_tri_tu_the_nam_ngua_khi_ngu_se_giup_trong_luon.wav|R8_BMIHJQU8|Duy trì tư thế nằm ngửa khi ngủ sẽ giúp trọng lượng cơ thể được phân bổ đều, từ đó ít gây áp lực cho các phần khác.
audio_0147_Doi_voi_mot_so_nguoi_nam_ngua_khi_ngu_kem_theo_mot.wav|R8_BMIHJQU8|Đối với một số người, nằm ngửa khi ngủ kèm theo một chiếc gối ở đầu gối có thể là tư thế tốt nhất để giảm đau lưng.
audio_0148_Cung_voi_do_dat_mot_chiec_khan_nho_cuon_lai_duoi_l.wav|R8_BMIHJQU8|Cùng với đó, đặt một chiếc khăn nhỏ, cuộn lại dưới lưng cũng là một cách hiệu quả để ngủ ngon giấc hơn.
audio_0149_Neu_cam_thay_khong_thoai_mai_khi_nam_ngua_hay_thu.wav|R8_BMIHJQU8|Nếu cảm thấy không thoải mái khi nằm ngửa, hãy thử xoay người sang một bên.
audio_0150_Nam_nghieng_va_dat_mot_chiec_goi_giua_hai_dau_goi.wav|R8_BMIHJQU8|Nằm nghiêng và đặt một chiếc gối giữa hai đầu gối sẽ giúp người bệnh cảm thấy dễ chịu hơn khi ngủ.
audio_0151_Van_so_cua_moi_nguoi_se_thay_doi_lien_tuc_trong_cu.wav|R8_BMIHJQU8|Vận số của mỗi người sẽ thay đổi liên tục trong cuộc đời.
audio_0152_Khi_tai_van_khong_tot_cac_loai_cay_trong_nha_de_th.wav|R8_BMIHJQU8|Khi tài vận không tốt, các loại cây trong nhà dễ thiếu sức sống.
audio_0153_Day_la_dau_hieu_cua_su_chuyen_doi_may_man.wav|R8_BMIHJQU8|Đây là dấu hiệu của sự chuyển đổi may mắn.
audio_0154_Bai_viet_mang_tinh_chat_giai_tri_va_tham_khao.wav|R8_BMIHJQU8|Bài viết mang tính chất giải trí và tham khảo.
audio_0155_Quyen_rieng_tu_la_quyen_cua_tre_em.wav|R8_BMIHJQU8|Quyền riêng tư là quyền của trẻ em.
audio_0156_Em_se_cham_soc_cay_that_tuoi_tot.wav|R8_BMIHJQU8|Em sẽ chăm sóc cây thật tươi tốt.
audio_0157_Ben_canh_do_thanh_phan_giup_mon_an_them_ngon_la_nu.wav|R8_BMIHJQU8|Bên cạnh đó, thành phần giúp món ăn thêm ngon là nước xốt.
audio_0158_Vai_cho_su_dung_nuoc_mam_ngot_dac_keo.wav|R8_BMIHJQU8|Vài chỗ sử dụng nước mắm ngọt đặc kẹo.
audio_0159_Co_cho_dung_nuoc_xot_thit_xa_xiu_cho_vi_beo_hap_da.wav|R8_BMIHJQU8|Có chỗ dùng nước xốt thịt xá xíu cho vị béo hấp dẫn.
audio_0160_Thuc_pham_co_chi_so_duong_huyet_thap.wav|R8_BMIHJQU8|Thực phẩm có chỉ số đường huyết thấp.
audio_0161_Ba_nhom_thuc_pham_ngua_lao_hoa_tu_trong_ra_ngoai.wav|R8_BMIHJQU8|Ba nhóm thực phẩm ngừa lão hóa từ trong ra ngoài.
audio_0162_Thuc_pham_giau_chat_chong_oxy_hoa.wav|R8_BMIHJQU8|Thực phẩm giàu chất chống oxy hóa.
audio_0163_Thuc_pham_giau_collagen.wav|R8_BMIHJQU8|Thực phẩm giàu collagen.
audio_0164_Ca_hoi_la_mot_trong_nhung_nguon_cung_cap_collagen.wav|R8_BMIHJQU8|Cá hồi là một trong những nguồn cung cấp collagen lý tưởng.
audio_0165_Dung_quen_gui_thu_som_cho_anh_nhe.wav|R8_BMIHJQU8|Đừng quên gửi thư sớm cho anh nhé.
audio_0166_Cam_on_moi_nguoi_da_doc.wav|R8_BMIHJQU8|Cảm ơn mọi người đã đọc.
audio_0167_Khong_nhung_the_moc_nhi_trang_con_chua_phot_pho_gi.wav|R8_BMIHJQU8|Không những thế, mộc nhĩ trắng còn chứa phốt pho giúp giảm mỏi cơ.
audio_0168_Dau_nanh_chua_estrogen_tu_nhien.wav|R8_BMIHJQU8|Đậu nành chứa estrogen tự nhiên.
audio_0169_Ngoai_ra_dau_nanh_con_giup_chong_loang_xuong.wav|R8_BMIHJQU8|Ngoài ra, đậu nành còn giúp chống loãng xương.
audio_0170_Khong_nhung_the_dau_nanh_cung_giup_tang_cuong_coll.wav|R8_BMIHJQU8|Không những thế, đậu nành cũng giúp tăng cường collagen.
audio_0171_Dac_biet_thit_ga_con_chua_rat_nhieu_collagen.wav|R8_BMIHJQU8|Đặc biệt, thịt gà còn chứa rất nhiều collagen.
audio_0172_Cac_nha_nghien_cuu_khong_khuyen_nhung_nguoi_tham_g.wav|R8_BMIHJQU8|Các nhà nghiên cứu không khuyên những người tham gia tập thể dục.
audio_0173_Day_la_mot_yeu_to_nguy_co_chinh_doi_voi_benh_tim.wav|R8_BMIHJQU8|Đây là một yếu tố nguy cơ chính đối với bệnh tim.
audio_0174_Mat_ong_va_dau_me_giup_giu_am_cho_da_dau.wav|R8_BMIHJQU8|Mật ong và dầu mè giúp giữ ẩm cho da đầu.
audio_0175_Tron_dau_me_va_mat_ong_trong_mot_cai_bat.wav|R8_BMIHJQU8|Trộn dầu mè và mật ong trong một cái bát.
audio_0176_Lay_hon_hop_tren_dau_ngon_tay.wav|R8_BMIHJQU8|Lấy hỗn hợp trên đầu ngón tay.
audio_0177_Nhe_nhang_xoa_bop_hon_hop_len_da_dau_va_tham_vao_t.wav|R8_BMIHJQU8|Nhẹ nhàng xoa bóp hỗn hợp lên da đầu và thấm vào tóc.
audio_0178_Thoa_deu_tu_goc_den_ngon_toc.wav|R8_BMIHJQU8|Thoa đều từ gốc đến ngọn tóc.
audio_0179_Chuom_toc_bang_khan_nong.wav|R8_BMIHJQU8|Chườm tóc bằng khăn nóng.
audio_0180_De_hon_hop_tren_toc_trong_30_den_40_phut.wav|R8_BMIHJQU8|Để hỗn hợp trên tóc trong 30 đến 40 phút.
audio_0181_Goi_sach_bang_dau_goi_diu_nhe_cho_da_dau.wav|R8_BMIHJQU8|Gội sạch bằng dầu gội dịu nhẹ cho da đầu.
audio_0182_Nha_dam_duoc_su_dung_de_dieu_tri_toc_hu_ton.wav|R8_BMIHJQU8|Nha đam được sử dụng để điều trị tóc hư tổn.
audio_0183_Tron_ca_2_thanh_phan_voi_nhau.wav|R8_BMIHJQU8|Trộn cả 2 thành phần với nhau.
audio_0184_Dun_nong_hon_hop.wav|R8_BMIHJQU8|Đun nóng hỗn hợp.
audio_0185_Sau_do_doi_hon_hop_nguoi_di.wav|R8_BMIHJQU8|Sau đó đợi hỗn hợp nguội đi.
audio_0186_Thoa_hon_hop_len_da_dau_va_toc_de_trong_30_den_45.wav|R8_BMIHJQU8|Thoa hỗn hợp lên da đầu và tóc, để trong 30 đến 45 phút.
audio_0187_Phong_ngu_nho_cung_co_khu_tam_sang_xin.wav|R8_BMIHJQU8|Phòng ngủ nhỏ cũng có khu tắm sang, xịn.
audio_0188_Cho_bo_vao_bat_va_nghien_nhuyen.wav|R8_BMIHJQU8|Cho bơ vào bát và nghiền nhuyễn.
audio_0189_Cho_dau_me_vao_bat_va_tron_deu_de_duoc_hon_hop_nhu.wav|R8_BMIHJQU8|Cho dầu mè vào bát và trộn đều để được hỗn hợp nhuyễn.
audio_0190_Boi_hon_hop_len_da_dau_va_toc_doi_trong_1_gio.wav|R8_BMIHJQU8|Bôi hỗn hợp lên da đầu và tóc, đợi trong 1 giờ.
audio_0191_Hay_la_nguoi_dau_tien_binh_luan_trong_bai.wav|R8_BMIHJQU8|Hãy là người đầu tiên bình luận trong bài.
audio_0192_Tron_dau_me_va_sua_chua_trong_mot_cai_bat.wav|R8_BMIHJQU8|Trộn dầu mè và sữa chua trong một cái bát.
audio_0193_Cho_nghe_vao_tron_deu_de_duoc_hon_hop_sen_set.wav|R8_BMIHJQU8|Cho nghệ vào trộn đều để được hỗn hợp sền sệt.
audio_0194_Thoa_hon_hop_len_toc_tu_goc_den_ngon.wav|R8_BMIHJQU8|Thoa hỗn hợp lên tóc từ gốc đến ngọn.
audio_0195_Che_dau_bang_mu_tam.wav|R8_BMIHJQU8|Che đầu bằng mũ tắm.
audio_0196_U_hon_hop_tren_toc_trong_30_phut.wav|R8_BMIHJQU8|Ủ hỗn hợp trên tóc trong 30 phút.
audio_0197_Goi_sach_toc_bang_dau_goi_va_dau_xa.wav|R8_BMIHJQU8|Gội sạch tóc bằng dầu gội và dầu xả.
audio_0198_Gung_co_dac_tinh_chong_viem_va_khu_trung_giup_loai.wav|R8_BMIHJQU8|Gừng có đặc tính chống viêm và khử trùng giúp loại bỏ gàu.
audio_0199_Gung_khi_ket_hop_voi_dau_me_giup_lam_sach_va_nuoi.wav|R8_BMIHJQU8|Gừng khi kết hợp với dầu mè giúp làm sạch và nuôi dưỡng tóc.
audio_0200_Tron_dau_me_va_nuoc_gung_vao_mot_cai_bat.wav|R8_BMIHJQU8|Trộn dầu mè và nước gừng vào một cái bát.
audio_0201_Che_dau_voi_khan_nong_trong_30_den_40_phut.wav|R8_BMIHJQU8|Che đầu với khăn nóng trong 30 đến 40 phút.
audio_0202_Noi_that_su_dung_vat_lieu_chat_luong_cao.wav|R8_BMIHJQU8|Nội thất sử dụng vật liệu chất lượng cao.
audio_0203_Giau_khoang_chat_va_protein_trung_giup_ngan_ngua_t.wav|R8_BMIHJQU8|Giàu khoáng chất và protein, trứng giúp ngăn ngừa tóc hư tổn.
audio_0204_Dap_trung_vao_bat_va_danh_bong.wav|R8_BMIHJQU8|Đập trứng vào bát và đánh bông.
audio_0205_Them_dau_me_vao_bat_va_tron_deu_hai_thanh_phan_voi.wav|R8_BMIHJQU8|Thêm dầu mè vào bát và trộn đều hai thành phần với nhau.
audio_0206_Boi_hon_hop_tren_da_dau_va_toc_de_trong_1_gio.wav|R8_BMIHJQU8|Bôi hỗn hợp trên da đầu và tóc, để trong 1 giờ.
audio_0207_Goi_sach_bang_dau_goi_nhe_va_nuoc_lanh.wav|R8_BMIHJQU8|Gội sạch bằng dầu gội nhẹ và nước lạnh.
audio_0208_Nam_ngua_va_ke_goi_duoi_dau_goi.wav|R8_BMIHJQU8|Nằm ngửa và kê gối dưới đầu gối.
audio_0209_Chiec_goi_se_giu_cho_phan_lung_duoi_luon_duoc_thoa.wav|R8_BMIHJQU8|Chiếc gối sẽ giữ cho phần lưng dưới luôn được thoải mái.
audio_0210_Nam_nghieng_voi_mot_chiec_goi.wav|R8_BMIHJQU8|Nằm nghiêng với một chiếc gối.
audio_0211_Tu_the_thai_nhi_cuon_tron.wav|R8_BMIHJQU8|Tư thế thai nhi cuộn tròn.
audio_0212_Nam_nghieng_sang_mot_ben_tu_tu_co_dau_goi_ve_phia.wav|R8_BMIHJQU8|Nằm nghiêng sang một bên, từ từ co đầu gối về phía ngực.
audio_0213_Hay_nho_thinh_thoang_doi_ben_de_tranh_moi_co.wav|R8_BMIHJQU8|Hãy nhớ thỉnh thoảng đổi bên để tránh mỏi cơ.
audio_0214_Nam_sap_voi_goi_ke_duoi_bung.wav|R8_BMIHJQU8|Nằm sấp với gối kê dưới bụng.
audio_0215_Voi_nguoi_benh_dau_lung_nen_can_trong_khi_tro_minh.wav|R8_BMIHJQU8|Với người bệnh đau lưng, nên cẩn trọng khi trở mình trên giường.
audio_0216_Ban_chap_nhan_rui_ro_khong_so_that_bai.wav|R8_BMIHJQU8|Bạn chấp nhận rủi ro, không sợ thất bại.
audio_0217_Ban_huong_den_chi_tiet_va_suy_nghi_ve_moi_thu_rat.wav|R8_BMIHJQU8|Bạn hướng đến chi tiết và suy nghĩ về mọi thứ rất cẩn thận.
audio_0218_Ban_nhin_thay_nhung_chi_tiet_nho_ma_nguoi_khac_bo.wav|R8_BMIHJQU8|Bạn nhìn thấy những chi tiết nhỏ mà người khác bỏ lỡ.
audio_0219_Ban_cung_thich_len_ke_hoach_truoc_voi_ban_be.wav|R8_BMIHJQU8|Bạn cũng thích lên kế hoạch trước với bạn bè.
audio_0220_Nhung_ban_lich_su_tinh_cam_voi_nguoi_xung_quanh.wav|R8_BMIHJQU8|Nhưng bạn lịch sự, tình cảm với người xung quanh.
audio_0221_Luc_nay_chiec_tau_hoa_cho_hang_cung_di_chuyen_den.wav|R8_BMIHJQU8|Lúc này, chiếc tàu hỏa chở hàng cũng di chuyển đến Thanh Hóa.
audio_0222_Du_an_da_nhan_duoc_su_quan_tam_dac_biet_cua_khan_g.wav|R8_BMIHJQU8|Dự án đã nhận được sự quan tâm đặc biệt của khán giả.
audio_0223_Ben_canh_do_to_chuc_cung_nen_nghien_cuu_cach_sap_x.wav|R8_BMIHJQU8|Bên cạnh đó, tổ chức cũng nên nghiên cứu cách sắp xếp cho phù hợp.
audio_0224_Thit_nac_dem_bam_nho_xao_chin_sau_do_cho_nuoc_vao.wav|R8_BMIHJQU8|Thịt nạc đem băm nhỏ, xào chín, sau đó cho nước vào đun cho sôi.
audio_0225_Nhung_khoanh_khac_hanh_phuc_cua_cap_doi_khien_quan.wav|R8_BMIHJQU8|Những khoảnh khắc hạnh phúc của cặp đôi khiến quan khách phải ghen tị.
audio_0226_Nhung_thong_tin_nhu_the_it_nhieu_anh_huong_toi_tam.wav|R8_BMIHJQU8|Những thông tin như thế ít nhiều ảnh hưởng tới tâm lý của Văn Hậu.
audio_0227_Nguoi_dung_gio_day_cung_duoc_chinh_sua_video_ngay.wav|R8_BMIHJQU8|Người dùng giờ đây cũng được chỉnh sửa video ngay trong ứng dụng Ảnh.
audio_0228_Voi_toi_moi_cau_thu_deu_duoc_danh_gia_dung_dan.wav|R8_BMIHJQU8|Với tôi, mọi cầu thủ đều được đánh giá đúng đắn.
audio_0229_Sau_gan_muoi_nam_khoi_cong_du_an_van_chua_hoan_thi.wav|R8_BMIHJQU8|Sau gần mười năm khởi công, dự án vẫn chưa hoàn thiện xong phần thô.
audio_0230_Gioi_phe_binh_nhin_chung_deu_co_danh_gia_tot_ve_va.wav|R8_BMIHJQU8|Giới phê bình nhìn chung đều có đánh giá tốt về vai diễn này.
audio_0231_Trong_boi_canh_do_doi_trong_canh_tranh_voi_Messi_l.wav|R8_BMIHJQU8|Trong bối cảnh đó, đối trọng cạnh tranh với Messi là những cầu thủ khác.
audio_0232_Tu_do_ba_con_co_thu_nhap_on_dinh_ba_con_rat_phan_k.wav|R8_BMIHJQU8|Từ đó bà con có thu nhập ổn định, bà con rất phấn khởi.
audio_0233_Thoi_nay_cong_nghe_hien_dai_du_o_dau_ban_cung_co_t.wav|R8_BMIHJQU8|Thời nay công nghệ hiện đại, dù ở đâu bạn cũng có thể làm việc.
audio_0234_Chung_toi_dinh_vi_hoi_thao_la_noi_doi_thoai_thuong.wav|R8_BMIHJQU8|Chúng tôi định vị hội thảo là nơi đối thoại thường xuyên ở Nga.
audio_0235_Sau_khi_duoc_anh_ho_khuyen_bao_cau_be_hua_se_khong.wav|R8_BMIHJQU8|Sau khi được anh họ khuyên bảo, cậu bé hứa sẽ không tái phạm nữa.
audio_0236_Chung_toi_muon_Rafa_o_lai_vi_chung_toi_tin_Rafa.wav|R8_BMIHJQU8|Chúng tôi muốn Rafa ở lại vì chúng tôi tin Rafa.
audio_0237_Ngoai_ra_gia_dinh_ho_cung_khong_co_du_tien_de_phau.wav|R8_BMIHJQU8|Ngoài ra, gia đình họ cũng không có đủ tiền để phẫu thuật.
audio_0238_Be_an_duoc_bon_muoi_mi_li_lit_sua_trong_tam_bua_mo.wav|R8_BMIHJQU8|Bé ăn được bốn mươi mi-li-lít sữa trong tám bữa một ngày.
audio_0239_Doi_thang_se_vao_chung_ket_con_doi_thua_da_tran_tr.wav|R8_BMIHJQU8|Đội thắng sẽ vào chung kết còn đội thua đá trận tranh hạng ba.
audio_0240_Viec_mo_tour_du_lich_thi_cong_ty_khong_truc_tiep_l.wav|R8_BMIHJQU8|Việc mở tour du lịch thì công ty không trực tiếp làm.
audio_0241_Toi_song_trong_mot_gia_dinh_hanh_phuc_day_ap_tieng.wav|R8_BMIHJQU8|Tôi sống trong một gia đình hạnh phúc đầy ắp tiếng cười.
audio_0242_Dieu_nay_cho_phep_nguoi_lai_de_dang_dap_nhanh_khi.wav|R8_BMIHJQU8|Điều này cho phép người lái dễ dàng đạp nhanh khi di chuyển.
audio_0243_Nhung_tu_tieng_Anh_dai_thuong_co_trong_am_chinh_va.wav|R8_BMIHJQU8|Những từ tiếng Anh dài thường có trọng âm chính và phụ.
audio_0244_Cac_ung_vien_khong_phat_bieu_mo_man_nhung_co_phat.wav|R8_BMIHJQU8|Các ứng viên không phát biểu mở màn, nhưng có phát biểu kết thúc.
audio_0245_Dieu_do_lam_toi_hanh_phuc.wav|R8_BMIHJQU8|Điều đó làm tôi hạnh phúc.
audio_0246_Co_ve_nhu_mot_so_lanh_dao_cua_GM_chua_quen_thuong.wav|R8_BMIHJQU8|Có vẻ như một số lãnh đạo của GM chưa quên thương hiệu này.
audio_0247_Toi_co_chut_to_mo_nhung_vi_chia_tay_roi_nen_cung_k.wav|R8_BMIHJQU8|Tôi có chút tò mò nhưng vì chia tay rồi nên cũng không hỏi anh.
audio_0248_Ngoai_ra_loai_qua_nay_chua_ham_luong_chat_xo_doi_d.wav|R8_BMIHJQU8|Ngoài ra, loại quả này chứa hàm lượng chất xơ dồi dào.
audio_0249_Nu_dien_vien_thua_nhan_viec_thanh_cong_som_khien_c.wav|R8_BMIHJQU8|Nữ diễn viên thừa nhận, việc thành công sớm khiến cô mắc bệnh ngôi sao.
audio_0250_O_nhiem_tau_la_moi_de_doa_nghiem_trong_den_he_sinh.wav|R8_BMIHJQU8|Ô nhiễm tàu là mối đe dọa nghiêm trọng đến hệ sinh thái biển.
audio_0251_Toi_da_nhan_duoc_giai_thuong_nay_tu_thang_Ba.wav|R8_BMIHJQU8|Tôi đã nhận được giải thưởng này từ tháng Ba.
audio_0252_Toi_muon_duoc_hanh_phuc_va_khong_nhat_thiet_phai_g.wav|R8_BMIHJQU8|Tôi muốn được hạnh phúc và không nhất thiết phải giành chiến thắng.
audio_0253_Phong_vien_chuong_trinh_tren_cung_phong_van_nam_si.wav|R8_BMIHJQU8|Phóng viên chương trình trên cũng phỏng vấn nam sinh cấp ba đã quay video.
audio_0254_Dieu_thu_vi_nhat_cua_can_ho_nay_chinh_la_tam_nhin.wav|R8_BMIHJQU8|Điều thú vị nhất của căn hộ này chính là tầm nhìn.
audio_0255_Phu_huynh_cam_giay_ghi_day_du_thong_tin_cau_may_ch.wav|R8_BMIHJQU8|Phụ huynh cầm giấy ghi đầy đủ thông tin cầu may cho cháu mình.
audio_0256_Toi_luon_khong_cho_phep_minh_tro_thanh_mot_nguoi_p.wav|R8_BMIHJQU8|Tôi luôn không cho phép mình trở thành một người phụ nữ yếu đuối.
audio_0257_Be_da_an_duoc_com_va_chao_cung_rau_cu.wav|R8_BMIHJQU8|Bé đã ăn được cơm và cháo cùng rau củ.
audio_0258_Banh_mi_thuong_duoc_an_kem_voi_dua_gop_muoi_chua_n.wav|R8_BMIHJQU8|Bánh mì thường được ăn kèm với dưa góp muối chua ngọt.
audio_0259_Chung_ta_can_thuc_hien_nep_song_van_minh_trong_cac.wav|R8_BMIHJQU8|Chúng ta cần thực hiện nếp sống văn minh trong các hoạt động văn hóa.
audio_0260_Day_la_dia_chi_cua_Hoi_Nha_bao_tinh_Ha_Nam.wav|R8_BMIHJQU8|Đây là địa chỉ của Hội Nhà báo tỉnh Hà Nam.
audio_0261_Tuy_nhien_cac_cuoc_tan_cong_cua_chung_deu_that_bai.wav|R8_BMIHJQU8|Tuy nhiên, các cuộc tấn công của chúng đều thất bại.
audio_0262_Ca_nuoc_co_nhieu_he_thong_co_so_cai_nghien.wav|R8_BMIHJQU8|Cả nước có nhiều hệ thống cơ sở cai nghiện.
audio_0263_Quan_chinh_thuc_khai_truong_vao_ngay_thu_bay_mung.wav|R8_BMIHJQU8|Quán chính thức khai trương vào ngày thứ bảy, mùng tám tháng sáu.
audio_0264_Theo_ghi_nhan_luong_khach_tai_day_co_nhung_khong_n.wav|R8_BMIHJQU8|Theo ghi nhận, lượng khách tại đây có nhưng không nhiều.
audio_0265_Kha_nang_thuc_chien_cua_taekwondo_khong_tot.wav|R8_BMIHJQU8|Khả năng thực chiến của taekwondo không tốt.
audio_0266_Cuoi_cung_dam_cuoi_cua_chung_toi_cung_duoc_dien_ra.wav|R8_BMIHJQU8|Cuối cùng, đám cưới của chúng tôi cũng được diễn ra.
audio_0267_Sau_khi_an_ban_co_the_uong_mot_ly_nuoc_hoac_suc_mi.wav|R8_BMIHJQU8|Sau khi ăn, bạn có thể uống một ly nước hoặc súc miệng.
audio_0268_Uong_nuoc_trong_bua_an_cung_co_the_giup_rang_khoe.wav|R8_BMIHJQU8|Uống nước trong bữa ăn cũng có thể giúp răng khỏe mạnh.
audio_0269_Doi_trong_co_man_trinh_dien_an_tuong.wav|R8_BMIHJQU8|Đội trống có màn trình diễn ấn tượng.
audio_0270_Dieu_nay_thuc_su_khong_tot_chut_nao.wav|R8_BMIHJQU8|Điều này thực sự không tốt chút nào.
audio_0271_Hoi_dong_ky_luat_cua_truong_da_hop_va_dong_y_voi_m.wav|R8_BMIHJQU8|Hội đồng kỷ luật của trường đã họp và đồng ý với mức phạt này.
audio_0272_Ban_khong_nen_chon_mua_cac_loai_dieu_hoa_troi_noi.wav|R8_BMIHJQU8|Bạn không nên chọn mua các loại điều hòa trôi nổi.
audio_0273_Viec_quay_tro_xe_trong_khong_gian_hep_gio_day_se_l.wav|R8_BMIHJQU8|Việc quay trở xe trong không gian hẹp giờ đây sẽ linh hoạt hơn.
audio_0274_Nhung_bat_ngo_da_xay_ra_o_phut_bay_muoi_lam.wav|R8_BMIHJQU8|Nhưng bất ngờ đã xảy ra ở phút bảy mươi lăm.
audio_0275_Nhieu_thi_sinh_nhan_dinh_de_phan_loai_cao_de_lay_d.wav|R8_BMIHJQU8|Nhiều thí sinh nhận định đề phân loại cao, dễ lấy điểm trên trung bình.
audio_0276_Chung_toi_tran_trong_nhung_y_kien_tam_huyet_nay.wav|R8_BMIHJQU8|Chúng tôi trân trọng những ý kiến tâm huyết này.
audio_0277_Nhung_o_hien_tai_duong_nhu_con_so_tren_da_thay_doi.wav|R8_BMIHJQU8|Nhưng ở hiện tại, dường như con số trên đã thay đổi.
audio_0278_Moi_som_sau_khi_thuc_day_co_thuong_chay_bo_ba_muoi.wav|R8_BMIHJQU8|Mỗi sớm sau khi thức dậy, cô thường chạy bộ ba mươi phút.
audio_0279_Thu_tuong_nhan_manh_lai_gia_tri_ban_dau_cua_bao_ch.wav|R8_BMIHJQU8|Thủ tướng nhấn mạnh lại giá trị ban đầu của báo chí cách mạng.
audio_0280_He_thong_phanh_hoat_dong_chinh_xac.wav|R8_BMIHJQU8|Hệ thống phanh hoạt động chính xác.
audio_0281_Cach_anh_cham_soc_con_nhan_duoc_loi_khen_ngoi_tu_n.wav|R8_BMIHJQU8|Cách anh chăm sóc con nhận được lời khen ngợi từ người hâm mộ.
audio_0282_Thoi_tiet_hom_nay_that_de_chiu_va_rat_thich_hop_de.wav|R8_BMIHJQU8|Thời tiết hôm nay thật dễ chịu và rất thích hợp để đi dã ngoại.
audio_0283_Ban_co_the_xem_them_mot_so_tac_pham_thang_giai_kha.wav|R8_BMIHJQU8|Bạn có thể xem thêm một số tác phẩm thắng giải khác.
audio_0284_Co_quan_chuc_nang_tien_hanh_tha_ca_the_rua_ve_bien.wav|R8_BMIHJQU8|Cơ quan chức năng tiến hành thả cá thể rùa về biển.
audio_0285_Dong_thoi_chung_toi_cung_bat_dau_xay_dung_doi_cua.wav|R8_BMIHJQU8|Đồng thời chúng tôi cũng bắt đầu xây dựng đội của riêng mình.
audio_0286_So_lieu_tai_chinh_nay_khong_tinh_den_gia_tri_dat.wav|R8_BMIHJQU8|Số liệu tài chính này không tính đến giá trị đất.
audio_0287_Day_la_dot_nang_nong_dien_rong_dau_tien_cua_thang.wav|R8_BMIHJQU8|Đây là đợt nắng nóng diện rộng đầu tiên của tháng sáu.
audio_0288_Ba_chua_bao_gio_tiet_lo_cuoc_song_ca_nhan_hay_chuy.wav|R8_BMIHJQU8|Bà chưa bao giờ tiết lộ cuộc sống cá nhân hay chuyện kết hôn.
audio_0289_Cac_ban_nen_cho_luong_vua_phai_de_khong_bi_qua_non.wav|R8_BMIHJQU8|Các bạn nên cho lượng vừa phải để không bị quá nồng.
audio_0290_May_say_chuyen_dung_se_giup_ban_lam_giay_kho_nhanh.wav|R8_BMIHJQU8|Máy sấy chuyên dụng sẽ giúp bạn làm giày khô nhanh chóng.
audio_0291_Nhan_vien_thong_bao_phi_thay_the_linh_kien_la_tam.wav|R8_BMIHJQU8|Nhân viên thông báo phí thay thế linh kiện là tám trăm ngàn đồng.
audio_0292_Cong_dong_phai_co_thong_tin_minh_bach_de_gop_y_pha.wav|R8_BMIHJQU8|Cộng đồng phải có thông tin minh bạch để góp ý, phản biện.
audio_0293_Co_nhung_thoi_diem_ban_gap_may_man_va_cung_co_luc.wav|R8_BMIHJQU8|Có những thời điểm bạn gặp may mắn và cũng có lúc không suôn sẻ.
audio_0294_Hom_nay_thoi_tiet_that_mat_me_co_cam_giac_nhu_dang.wav|R8_BMIHJQU8|Hôm nay thời tiết thật mát mẻ, có cảm giác như đang vào thu vậy.
audio_0295_Chung_duoc_xep_vao_nhom_thit_trang_mang_den_nhieu.wav|R8_BMIHJQU8|Chúng được xếp vào nhóm thịt trắng, mang đến nhiều lợi ích cho sức khỏe.
audio_0296_Duoi_day_la_6_cach_ket_hop_dau_me_voi_cac_thuc_pha.wav|R8_BMIHJQU8|Dưới đây là 6 cách kết hợp dầu mè với các thực phẩm quen thuộc.
audio_0297_Khi_ket_hop_sua_chua_voi_dau_me_se_duong_am_giup_t.wav|R8_BMIHJQU8|Khi kết hợp sữa chua với dầu mè sẽ dưỡng ẩm, giúp tóc chắc khỏe.
audio_0298_Dieu_nay_co_the_lam_giam_ap_luc_len_khong_gian_giu.wav|R8_BMIHJQU8|Điều này có thể làm giảm áp lực lên không gian giữa các đĩa đệm.
audio_0299_Nguoi_hoan_thanh_bua_an_cua_minh_trong_nam_phut_gi.wav|R8_BMIHJQU8|Người hoàn thành bữa ăn của mình trong năm phút giỏi làm việc đa nhiệm.
audio_0300_Ban_ghet_nhin_thay_cac_loai_thuc_an_khac_nhau_tren.wav|R8_BMIHJQU8|Bạn ghét nhìn thấy các loại thức ăn khác nhau trên đĩa dính vào nhau.
audio_0301_Sau_viec_nay_co_ban_to_chuc_nao_dam_moi_co_len_son.wav|R8_BMIHJQU8|Sau việc này, có ban tổ chức nào dám mời cô lên sóng trực tiếp không?
audio_0302_Ai_la_nguoi_may_man_nhan_duoc_doi_mat_thien_than_c.wav|R8_BMIHJQU8|Ai là người may mắn nhận được đôi mắt thiên thần của bé Hải An?
audio_0303_Dieu_gi_da_dong_lai_trong_ban_de_tro_thanh_ky_uc_k.wav|R8_BMIHJQU8|Điều gì đã đọng lại trong bạn để trở thành ký ức không thể quên?
audio_0304_Ong_co_nhan_nhu_gi_voi_thi_sinh_cua_Ha_Noi_trong_k.wav|R8_BMIHJQU8|Ông có nhắn nhủ gì với thí sinh của Hà Nội trong kỳ thi này?
audio_0305_Vay_toi_co_phai_lam_thu_tuc_cap_lai_so_bao_hiem_xa.wav|R8_BMIHJQU8|Vậy tôi có phải làm thủ tục cấp lại sổ bảo hiểm xã hội không?
audio_0306_De_xuat_dang_ky_xe_phai_co_tai_khoan_ngan_hang_kha.wav|R8_BMIHJQU8|Đề xuất đăng ký xe phải có tài khoản ngân hàng khả thi hay không?
audio_0307_Co_nen_cho_tre_an_chay.wav|R8_BMIHJQU8|Có nên cho trẻ ăn chay?
audio_0308_Ban_co_thay_doi_mat_no_nhu_dang_noi_voi_chung_ta_d.wav|R8_BMIHJQU8|Bạn có thấy đôi mắt nó như đang nói với chúng ta điều gì đó?
audio_0309_Sao_ban_cu_phai_so_do_dong_dem_voi_nguoi_minh_thuo.wav|R8_BMIHJQU8|Sao bạn cứ phải so đo đong đếm với người mình thương làm gì nhỉ?
audio_0310_Do_co_phai_nguyen_nhan_dan_den_nhan_tai_khong_phat.wav|R8_BMIHJQU8|Đó có phải nguyên nhân dẫn đến nhân tài không phát huy được năng lực?
audio_0311_Toi_phai_lam_the_nao_de_phoi_hop_dien_xuat_an_y_vo.wav|R8_BMIHJQU8|Tôi phải làm thế nào để phối hợp diễn xuất ăn ý với bạn diễn?
audio_0312_Tao_quan_muon_thay_doi_hay_se_khep_lai_mot_chang_d.wav|R8_BMIHJQU8|Táo quân muốn thay đổi hay sẽ khép lại một chặng đường như lời đồn?
audio_0313_Vi_sao_dau_nam_nguoi_ta_thuong_mua_muoi_con_cuoi_n.wav|R8_BMIHJQU8|Vì sao đầu năm người ta thường mua muối còn cuối năm phải mua vôi?
audio_0314_Lam_the_nao_de_hieu_tam_ly_doi_phuong_ngay_tu_lan.wav|R8_BMIHJQU8|Làm thế nào để hiểu tâm lý đối phương ngay từ lần đầu gặp gỡ?
audio_0315_Vay_chuong_trinh_dao_tao_cua_cac_truong_quoc_te_kh.wav|R8_BMIHJQU8|Vậy chương trình đào tạo của các trường quốc tế khác biệt như thế nào?
audio_0316_Thoi_tiet_ba_mien_dip_nghi_le_Gio_To_Hung_Vuong_co.wav|R8_BMIHJQU8|Thời tiết ba miền dịp nghỉ lễ Giỗ Tổ Hùng Vương có gì đặc biệt?
audio_0317_Co_phai_sinh_vien_ngay_nay_gap_nhieu_rac_roi_ve_su.wav|R8_BMIHJQU8|Có phải sinh viên ngày nay gặp nhiều rắc rối về sức khỏe tinh thần?
audio_0318_Ban_da_chuan_bi_cho_minh_nhung_gi_de_vuot_qua_ky_t.wav|R8_BMIHJQU8|Bạn đã chuẩn bị cho mình những gì để vượt qua kỳ thi tốt nhất?
audio_0319_Co_phai_chi_da_nhieu_lan_lon_tieng_cung_hoa_si_tro.wav|R8_BMIHJQU8|Có phải chị đã nhiều lần lớn tiếng cùng họa sĩ trong cuộc đối chất?
audio_0320_Vo_chong_co_nen_dung_chung_tai_khoan.wav|R8_BMIHJQU8|Vợ chồng có nên dùng chung tài khoản?
audio_0321_Ban_thuong_an_uong_theo_thoi_quen_nao_duoi_day.wav|R8_BMIHJQU8|Bạn thường ăn uống theo thói quen nào dưới đây?
audio_0322_Khong_mua_hang_hoa_dich_vu_nhung_van_duoc_xuat_hoa.wav|R8_BMIHJQU8|Không mua hàng hóa dịch vụ nhưng vẫn được xuất hóa đơn xử lý ra sao?
audio_0323_Vi_sao_chi_tieu_vao_truong_Su_pham_giam_toi_ba_muo.wav|R8_BMIHJQU8|Vì sao chỉ tiêu vào trường Sư phạm giảm tới ba mươi tám phần trăm?
audio_0324_Toi_biet_do_la_ai_nhung_toi_phai_noi_the_nao_cho_a.wav|R8_BMIHJQU8|Tôi biết đó là ai nhưng tôi phải nói thế nào cho anh biết đây?
audio_0325_Thue_bao_di_dong_muoi_mot_so_se_chuyen_sang_muoi_s.wav|R8_BMIHJQU8|Thuê bao di động mười một số sẽ chuyển sang mười số như thế nào?
audio_0326_Cap_hoa_don_dien_tu_co_ma_cua_co_quan_thue_tung_la.wav|R8_BMIHJQU8|Cấp hóa đơn điện tử có mã của cơ quan thuế từng lần phát sinh được không?
audio_0327_Nguoi_nop_thue_co_the_duoc_cap_hoa_don_dien_tu_co.wav|R8_BMIHJQU8|Người nộp thuế có thể được cấp hóa đơn điện tử có mã của cơ quan thuế theo từng lần phát sinh được không?
audio_0328_Can_bo_di_xe_noi_gi_ve_viec_hang_chuc_xe_bien_xanh.wav|R8_BMIHJQU8|Cán bộ đi xe nói gì về việc hàng chục xe biển xanh đến đám cưới?
audio_0329_Chung_ta_da_suy_nghi_that_ky_truoc_nhung_phat_ngon.wav|R8_BMIHJQU8|Chúng ta đã suy nghĩ thật kỹ trước những phát ngôn của mình hay chưa?
audio_0330_Gia_xang_dau_duoc_dieu_chinh_nhu_the_nao_tu_muoi_l.wav|R8_BMIHJQU8|Giá xăng dầu được điều chỉnh như thế nào từ mười lăm giờ chiều nay?
audio_0331_Cho_nen_ai_moi_la_tac_gia_thuc_su_da_gay_ra_vu_vie.wav|R8_BMIHJQU8|Cho nên ai mới là tác giả thực sự đã gây ra vụ việc trên?
audio_0332_Thi_truong_chung_khoan_phan_hoa_co_hoi_se_xuat_hie.wav|R8_BMIHJQU8|Thị trường chứng khoán phân hóa, cơ hội sẽ xuất hiện ở những mã, ngành nào?
audio_0333_Ong_co_the_cho_biet_cu_the_hon_ve_dien_bien_va_dan.wav|R8_BMIHJQU8|Ông có thể cho biết cụ thể hơn về diễn biến và đánh giá của mình về thị trường trong giai đoạn hiện nay?
audio_0334_Y_kien_cua_ong_the_nao.wav|R8_BMIHJQU8|Ý kiến của ông thế nào?
audio_0335_Ong_danh_gia_the_nao_ve_dong_tien_tren_thi_truong.wav|R8_BMIHJQU8|Ông đánh giá thế nào về dòng tiền trên thị trường lúc này?
audio_0336_Tai_sao_khoi_ngoai_van_ben_bi_mua_nhung_khoi_noi_v.wav|R8_BMIHJQU8|Tại sao khối ngoại vẫn bền bỉ mua, nhưng khối nội vẫn chưa dừng lực bán, thưa ông?
audio_0337_Sai_pham_o_cac_cong_trinh_xay_dung_da_kiem_tra_nay.wav|R8_BMIHJQU8|Sai phạm ở các công trình xây dựng đã kiểm tra này còn tiếp diễn không?
audio_0338_Co_ta_tot_dep_the_ma_sao_lai_bo_anh_de_theo_nguoi.wav|R8_BMIHJQU8|Cô ta tốt đẹp thế mà sao lại bỏ anh để theo người có tiền?
audio_0339_Boi_canh_thi_truong_van_rat_kho_xac_dinh_xu_huong.wav|R8_BMIHJQU8|Bối cảnh thị trường vẫn rất khó xác định xu hướng, ông có khuyến nghị gì đối với nhà đầu tư trong bối cảnh thị trường hiện nay?
audio_0340_Phi_hanh_gia_loai_bo_cac_van_de_ve_da_day_nhu_the.wav|R8_BMIHJQU8|Phi hành gia loại bỏ các vấn đề về dạ dày như thế nào?
audio_0341_Nha_dau_tu_co_the_chon_lua_nhom_nganh_nao_de_tim_c.wav|R8_BMIHJQU8|Nhà đầu tư có thể chọn lựa nhóm ngành nào để tìm cơ hội sinh lời trong những tháng cuối năm?
audio_0342_Thi_truong_chung_khoan_he_lo_dot_hoi_phuc_ngan_han.wav|R8_BMIHJQU8|Thị trường chứng khoán hé lộ đợt hồi phục ngắn hạn?
audio_0343_Tin_tuc_ve_xang_gia_tung_hoanh_vi_sao_Soc_Trang_kh.wav|R8_BMIHJQU8|Tin tức về xăng giả tung hoành, vì sao Sóc Trăng không phát hiện?
audio_0344_Co_the_ky_vong_mot_nhip_hoi_ngan_han.wav|R8_BMIHJQU8|Có thể kỳ vọng một nhịp hồi ngắn hạn?
audio_0345_The_nao_la_an_may_mot_cach_khoa_hoc.wav|R8_BMIHJQU8|Thế nào là ăn mày một cách khoa học?
audio_0346_The_ong_dinh_nghia_the_nao_ve_khach_hang_cua_ong.wav|R8_BMIHJQU8|Thế ông định nghĩa thế nào về khách hàng của ông?
audio_0347_Tai_sao_nguoi_dan_lai_do_xo_nhau_di_mua_vang_trong.wav|R8_BMIHJQU8|Tại sao người dân lại đổ xô nhau đi mua vàng trong ngày này?
audio_0348_The_thi_moi_ngay_ong_xin_duoc_bao_nhieu_tien.wav|R8_BMIHJQU8|Thế thì mỗi ngày ông xin được bao nhiêu tiền?
audio_0349_Linh_co_the_bat_mi_doi_chut_ve_vai_dien_minh_dam_n.wav|R8_BMIHJQU8|Linh có thể bật mí đôi chút về vai diễn mình đảm nhận không?
audio_0350_The_ky_21_roi_bay_gio_nguoi_ta_can_gi_co_phai_la_c.wav|R8_BMIHJQU8|Thế kỷ 21 rồi, bây giờ người ta cần gì, có phải là cần nhân tài không?
audio_0351_Ong_oi_ong_co_thu_nhan_toi_lam_de_tu_khong.wav|R8_BMIHJQU8|Ông ơi, ông có thu nhận tôi làm đệ tử không?
audio_0352_Tuy_nhien_lieu_co_su_khac_biet_nao_ve_tep_khach_ha.wav|R8_BMIHJQU8|Tuy nhiên, liệu có sự khác biệt nào về tệp khách hàng của các trung tâm thương mại nổi tiếng nhất?
audio_0353_Cac_nha_dau_tu_thao_luan_gi_ve_thi_truong_chung_kh.wav|R8_BMIHJQU8|Các nhà đầu tư thảo luận gì về thị trường chứng khoán trên digital?
audio_0354_Em_co_ke_hoach_gi_de_khuyen_khich_moi_nguoi_doc_sa.wav|R8_BMIHJQU8|Em có kế hoạch gì để khuyến khích mọi người đọc sách nhiều hơn?
audio_0355_Vay_dung_sau_thanh_cong_cua_cong_ty_quan_ly_quy_na.wav|R8_BMIHJQU8|Vậy đứng sau thành công của công ty quản lý quỹ này với nhiều thương vụ đầu tư đình đám trên thị trường là những ai?
audio_0356_The_nhung_ban_da_biet_tac_dong_cua_chung_den_moi_t.wav|R8_BMIHJQU8|Thế nhưng bạn đã biết tác động của chúng đến môi trường hay chưa?
audio_0357_Lieu_hai_bo_phim_nay_co_lam_hai_long_khan_gia_Viet.wav|R8_BMIHJQU8|Liệu hai bộ phim này có làm hài lòng khán giả Việt hay không?
audio_0358_Vi_sao_nhom_cac_dai_gia_Dong_Au_deu_khoi_nghiep_tu.wav|R8_BMIHJQU8|Vì sao nhóm các đại gia Đông Âu đều khởi nghiệp từ mì gói?
audio_0359_Ong_se_tiep_tuc_giu_vi_tri_lanh_dao_nuoc_Nga_them.wav|R8_BMIHJQU8|Ông sẽ tiếp tục giữ vị trí lãnh đạo nước Nga thêm bao lâu?
audio_0360_Chi_da_bao_gio_nghi_minh_nen_tiet_che_lai_trong_vi.wav|R8_BMIHJQU8|Chị đã bao giờ nghĩ mình nên tiết chế lại trong việc này chưa?
audio_0361_Dieu_tra_vien_vu_tham_hoa_y_te_Hoa_Binh_tra_loi_th.wav|R8_BMIHJQU8|Điều tra viên vụ thảm họa y tế Hòa Bình trả lời thế nào?
audio_0362_Ban_co_tin_vao_mot_tinh_yeu_dich_thuc_khong_mang_d.wav|R8_BMIHJQU8|Bạn có tin vào một tình yêu đích thực không màng đến ngoại hình?
audio_0363_Vay_lam_phat_da_dat_dinh.wav|R8_BMIHJQU8|Vậy lạm phát đã đạt đỉnh?
audio_0364_Con_Viet_nam_chung_ta_thi_sao.wav|R8_BMIHJQU8|Còn Việt nam chúng ta thì sao?
audio_0365_Vay_ho_da_lam_nhu_nao_de_giu_duoc_doi_giay_trang_n.wav|R8_BMIHJQU8|Vậy họ đã làm như nào để giữ được đôi giày trắng như mới?
audio_0366_Nhung_ho_dang_dung_lieu_co_con_dung_trong_dai_han.wav|R8_BMIHJQU8|Nhưng họ đang đúng, liệu có còn đúng trong dài hạn hay không?
audio_0367_Can_benh_ma_nha_vat_ly_nay_mac_phai_dang_so_nhu_th.wav|R8_BMIHJQU8|Căn bệnh mà nhà vật lý này mắc phải đáng sợ như thế nào?
audio_0368_Toi_khong_hieu_noi_sao_truong_tieu_hoc_lai_vao_lop.wav|R8_BMIHJQU8|Tôi không hiểu nổi sao trường tiểu học lại vào lớp sớm như vậy?
audio_0369_Chang_le_mot_du_an_quan_trong_ma_chi_co_mot_tam_ba.wav|R8_BMIHJQU8|Chẳng lẽ một dự án quan trọng mà chỉ có một tấm bản đồ?
audio_0370_Vay_dong_tien_da_bien_di_dau_khi_thanh_khoan_giam.wav|R8_BMIHJQU8|Vậy dòng tiền đã biến đi đâu khi thanh khoản giảm mạnh như hiện nay?
audio_0371_Trong_tai_bat_chinh_ngo_y_xin_ao_cua_Ronaldo_ngay.wav|R8_BMIHJQU8|Trọng tài bắt chính ngỏ ý xin áo của Ronaldo ngay từ hiệp một?
audio_0372_Ly_do_gi_Huong_Giang_chon_tieng_me_de_cho_phan_thi.wav|R8_BMIHJQU8|Lý do gì Hương Giang chọn tiếng mẹ đẻ cho phần thi Ứng xử?
audio_0373_Vay_ai_moi_la_nu_hoang_goi_cam_khi_dien_kieu_do_bo.wav|R8_BMIHJQU8|Vậy ai mới là nữ hoàng gợi cảm khi diện kiểu đồ bơi này?
audio_0374_Cach_luoc_long_heo_the_nao_cho_vua_trang_vua_gion.wav|R8_BMIHJQU8|Cách luộc lòng heo thế nào cho vừa trắng vừa giòn lại thơm ngon?
audio_0375_Dau_la_nhung_doanh_nghiep_niem_yet_khong_chan_chin.wav|R8_BMIHJQU8|Đâu là những doanh nghiệp niêm yết không chân chính?
audio_0376_Ong_ly_giai_nhu_the_nao_ve_thai_do_nay_cua_Binh_Nh.wav|R8_BMIHJQU8|Ông lý giải như thế nào về thái độ này của Bình Nhưỡng?
audio_0377_Benh_vien_co_bao_dam_an_toan_cho_benh_nhan_chay_th.wav|R8_BMIHJQU8|Bệnh viện có bảo đảm an toàn cho bệnh nhân chạy thận không?
audio_0378_Tai_xe_ho_nhan_tin_lich_su_nhu_vay_ban_con_muon_gi.wav|R8_BMIHJQU8|Tài xế họ nhắn tin lịch sự như vậy bạn còn muốn gì nữa?
audio_0379_Giao_vien_co_phai_bat_buoc_truc_truong_trong_thoi.wav|R8_BMIHJQU8|Giáo viên có phải bắt buộc trực trường trong thời gian nghỉ hè?
audio_0380_Con_voi_anh_khi_nhan_duoc_giai_thuong_nay_anh_thay.wav|R8_BMIHJQU8|Còn với anh, khi nhận được giải thưởng này, anh thấy thế nào?
audio_0381_Diem_den_tuan_trang_mat_cua_Hoang_tu_Harry_co_gi_d.wav|R8_BMIHJQU8|Điểm đến tuần trăng mật của Hoàng tử Harry có gì đặc biệt?
audio_0382_Vay_ta_phai_hieu_va_tinh_toan_gia_dien_nhu_the_nao.wav|R8_BMIHJQU8|Vậy ta phải hiểu và tính toán giá điện như thế nào cho đúng?
audio_0383_Cau_thu_vua_ky_hop_dong_moi_hoi_thang_mot_dang_ngh.wav|R8_BMIHJQU8|Cầu thủ vừa ký hợp đồng mới hồi tháng một đang nghĩ gì?
audio_0384_AS_Roma_se_lay_ai_lam_tam_guong_cho_cac_cau_thu_tr.wav|R8_BMIHJQU8|AS Roma sẽ lấy ai làm tấm gương cho các cầu thủ trẻ?
audio_0385_Tai_sao_mai_toc_cua_vo_con_lai_cat_cut_di_nhu_vay.wav|R8_BMIHJQU8|Tại sao mái tóc của vợ con lại cắt cụt đi như vậy?
audio_0386_Ban_biet_gi_ve_mo_hinh_doanh_thu_an_trong_kinh_doa.wav|R8_BMIHJQU8|Bạn biết gì về mô hình doanh thu ẩn trong kinh doanh?
audio_0387_Dieu_gi_khien_Pogba_tung_la_cau_thu_dat_gia_nhat_t.wav|R8_BMIHJQU8|Điều gì khiến Pogba từng là cầu thủ đắt giá nhất thế giới?
audio_0388_Cac_ban_thay_co_ai_o_tuoi_tam_muoi_duoc_nhu_toi_kh.wav|R8_BMIHJQU8|Các bạn thấy có ai ở tuổi tám mươi được như tôi không?
audio_0389_Tat_ca_nhung_chuyen_nay_thi_co_lien_quan_gi_toi_an.wav|R8_BMIHJQU8|Tất cả những chuyện này thì có liên quan gì tới anh chứ?
audio_0390_Chi_so_chung_khoan_giam_lien_tuc_vay_thi_truong_co.wav|R8_BMIHJQU8|Chỉ số chứng khoán giảm liên tục, vậy thị trường có sập không?
audio_0391_Ban_nghi_sao_ve_bai_viet_nay.wav|R8_BMIHJQU8|Bạn nghĩ sao về bài viết này?
audio_0392_Ai_noi_la_phu_huynh_thi_khong_thich_cac_ung_dung_g.wav|R8_BMIHJQU8|Ai nói là phụ huynh thì không thích các ứng dụng giải trí?
audio_0393_Phong_cach_lanh_dao_khac_voi_hinh_mau_thuong_hieu.wav|R8_BMIHJQU8|Phong cách lãnh đạo khác với hình mẫu thương hiệu thế nào?
audio_0394_Vai_tro_nghien_cuu_cua_nha_truong_dong_gop_trong_l.wav|R8_BMIHJQU8|Vai trò nghiên cứu của nhà trường đóng góp trong lĩnh vực này?
audio_0395_Ai_cung_muon_minh_co_duoc_mot_ben_do_an_toan_phai.wav|R8_BMIHJQU8|Ai cũng muốn mình có được một bến đỗ an toàn phải không?
audio_0396_Neu_hang_tram_nghin_giao_dich_thi_tien_se_la_bao_n.wav|R8_BMIHJQU8|Nếu hàng trăm nghìn giao dịch thì tiền sẽ là bao nhiêu?
audio_0397_Anh_ay_co_noi_nhung_loi_yeu_thuong_nhu_the_voi_em.wav|R8_BMIHJQU8|Anh ấy có nói những lời yêu thương như thế với em không?
audio_0398_Con_thai_do_cua_giao_vien_ve_viec_nay_thi_nhu_the.wav|R8_BMIHJQU8|Còn thái độ của giáo viên về việc này thì như thế nào?
audio_0399_Mot_nguoi_co_the_mang_nhieu_hon_mot_phong_cach_lan.wav|R8_BMIHJQU8|Một người có thể mang nhiều hơn một phong cách lãnh đạo?
audio_0400_Tong_cuc_can_tham_van_gi_them_cho_nhung_mo_hinh_na.wav|R8_BMIHJQU8|Tổng cục cần tham vấn gì thêm cho những mô hình này?
audio_0401_Hay_an_tam_em_nhe.wav|R8_BMIHJQU8|Hãy an tâm em nhé!
audio_0402_Hay_cung_kham_pha_ngay_nhe.wav|R8_BMIHJQU8|Hãy cùng khám phá ngay nhé!
audio_0403_Cam_on_ong_ve_cuoc_trao_doi.wav|R8_BMIHJQU8|Cảm ơn ông về cuộc trao đổi!
audio_0404_Cam_on_anh_da_den_ben_cuoc_doi_em_va_con_nhe.wav|R8_BMIHJQU8|Cảm ơn anh đã đến bên cuộc đời em và con nhé!
audio_0405_Cam_on_cac_ban_da_o_ben_toi_trong_2_nam_ruoi_qua.wav|R8_BMIHJQU8|Cảm ơn các bạn đã ở bên tôi trong 2 năm rưỡi qua!
audio_0406_Hay_cung_anh_don_Valentine_hanh_phuc_em_nhe.wav|R8_BMIHJQU8|Hãy cùng anh đón Valentine hạnh phúc em nhé!
audio_0407_Chuc_cac_ban_co_nam_moi_thanh_cong_nhe.wav|R8_BMIHJQU8|Chúc các bạn có năm mới thành công nhé!
audio_0408_Chung_toi_da_thua_that_dang_tiec.wav|R8_BMIHJQU8|Chúng tôi đã thua thật đáng tiếc!
audio_0409_Cam_on_em_vi_giong_hat_that_tuyet_voi.wav|R8_BMIHJQU8|Cảm ơn em vì giọng hát thật tuyệt vời!
audio_0410_Chung_ta_vui_mung_don_chao_nam_moi.wav|R8_BMIHJQU8|Chúng ta vui mừng đón chào năm mới!
audio_0411_Cam_on_moi_nguoi_da_luon_ben_Dung.wav|R8_BMIHJQU8|Cảm ơn mọi người đã luôn bên Dũng!
audio_0412_Cam_on_Truong_My_Nhan_ve_buoi_tro_chuyen_nay.wav|R8_BMIHJQU8|Cảm ơn Trương Mỹ Nhân về buổi trò chuyện này!
audio_0413_Con_tang_lai_anh_sang_cho_ban_khac_nhe.wav|R8_BMIHJQU8|Con tặng lại ánh sáng cho bạn khác nhé!
audio_0414_Chung_toi_rat_hanh_phuc_va_lu_meo_cung_hanh_phuc.wav|R8_BMIHJQU8|Chúng tôi rất hạnh phúc và lũ mèo cũng hạnh phúc!
audio_0415_Chung_toi_hieu_cay_la_van_hoa_ma.wav|R8_BMIHJQU8|Chúng tôi hiểu cây là văn hóa mà!
audio_0416_Hay_cung_xem_qua_ngay_bay_gio_ban_nhe.wav|R8_BMIHJQU8|Hãy cùng xem qua ngay bây giờ bạn nhé!
audio_0417_Hay_theo_doi_bai_viet_ngay_duoi_day_nhe.wav|R8_BMIHJQU8|Hãy theo dõi bài viết ngay dưới đây nhé!
audio_0418_Chung_ta_hay_cung_bat_dau_ngay_tu_bay_gio_ban_nhe.wav|R8_BMIHJQU8|Chúng ta hãy cùng bắt đầu ngay từ bây giờ bạn nhé!
audio_0419_3_loai_hinh_tu_duy_pho_bien_ban_can_phai_biet.wav|R8_BMIHJQU8|3 loại hình tư duy phổ biến bạn cần phải biết!
audio_0420_10_dieu_ve_bat_dong_san_ban_nen_biet.wav|R8_BMIHJQU8|10 điều về bất động sản bạn nên biết!
audio_0421_Hay_luon_cuoi_that_tuoi_moi_ngay_con_nhe.wav|R8_BMIHJQU8|Hãy luôn cười thật tươi mỗi ngày con nhé!
audio_0422_Chuc_em_gap_nhieu_may_man.wav|R8_BMIHJQU8|Chúc em gặp nhiều may mắn!
audio_0423_Cam_on_vi_tat_ca_mot_ky_niem_dang_nho.wav|R8_BMIHJQU8|Cám ơn vì tất cả, một kỷ niệm đáng nhớ!
audio_0424_Chung_toi_se_tiep_tuc_thong_tin_vu_viec.wav|R8_BMIHJQU8|Chúng tôi sẽ tiếp tục thông tin vụ việc!
audio_0425_Chuc_ban_mot_nam_moi_nhieu_niem_vui_va_hanh_phuc.wav|R8_BMIHJQU8|Chúc bạn một năm mới nhiều niềm vui và hạnh phúc!
audio_0426_Do_la_nhung_con_so_khong_lo.wav|R8_BMIHJQU8|Đó là những con số khổng lồ!
audio_0427_Cam_on_con_da_cho_ba_nhung_cam_xuc_tot_dep_den_nhu.wav|R8_BMIHJQU8|Cảm ơn con đã cho ba những cảm xúc tốt đẹp đến như vậy!
audio_0428_Ban_hinh_dung_dieu_nay_nhe.wav|R8_BMIHJQU8|Bạn hình dung điều này nhé!
audio_0429_Toi_biet_on_ong_ay_lam.wav|R8_BMIHJQU8|Tôi biết ơn ông ấy lắm!
audio_0430_Toi_yeu_nhung_co_dong_vien_cua_Viet_Nam.wav|R8_BMIHJQU8|Tôi yêu những cổ động viên của Việt Nam!
audio_0431_Chac_chan_nguoi_ham_mo_khong_bao_gio_cu_xu_nhu_the.wav|R8_BMIHJQU8|Chắc chắn người hâm mộ không bao giờ cư xử như thế!
audio_0432_Nhung_toi_da_khong_tin_nhu_vay.wav|R8_BMIHJQU8|Nhưng tôi đã không tin như vậy!
audio_0433_Cam_on_moi_nguoi_da_tiep_them_nang_luong_cho_con.wav|R8_BMIHJQU8|Cảm ơn mọi người đã tiếp thêm năng lượng cho con!
audio_0434_Chuc_cac_me_bim_sua_thanh_cong.wav|R8_BMIHJQU8|Chúc các mẹ bỉm sữa thành công!
audio_0435_Vay_co_ban_1_giao_dich_1_ty_nha_nuoc_co_25_trieu_r.wav|R8_BMIHJQU8|Vậy cơ bản 1 giao dịch 1 tỷ nhà nước có 25 triệu rồi!
audio_0436_Cam_on_cac_ban_da_giup_toi_phuc_hoi_nhanh_chong.wav|R8_BMIHJQU8|Cám ơn các bạn đã giúp tôi phục hồi nhanh chóng!
audio_0437_Day_la_hanh_vi_dang_len_an.wav|R8_BMIHJQU8|Đây là hành vi đáng lên án!
audio_0438_Tuy_theo_tai_chinh_cua_ban_va_ban_co_the_dau_tu_nh.wav|R8_BMIHJQU8|Tùy theo tài chính của bạn và bạn có thể đầu tư như thế nào sao cho kiếm được nhiều tiền là ok!
audio_0439_Chung_ta_khong_phai_cui_dau_chung_ta_da_co_het_suc.wav|R8_BMIHJQU8|Chúng ta không phải cúi đầu, chúng ta đã cố hết sức!
audio_0440_Hay_tham_khao_ba_bi_quyet_duoi_day_nhe.wav|R8_BMIHJQU8|Hãy tham khảo ba bí quyết dưới đây nhé!
audio_0441_Cam_on_cac_cau_thu_cam_on_huan_luyen_vien.wav|R8_BMIHJQU8|Cám ơn các cầu thủ, cám ơn huấn luyện viên!
audio_0442_Chuc_ban_lam_duoc_mot_hu_cam_duong_that_ngon_nhe.wav|R8_BMIHJQU8|Chúc bạn làm được một hũ cam đường thật ngon nhé!
audio_0443_Dan_ong_trong_mat_toi_ho_de_thuong_lam.wav|R8_BMIHJQU8|Đàn ông trong mắt tôi họ dễ thương lắm!
audio_0444_Hay_tin_tuong_vao_quyet_dinh_cua_ban_than_nhe.wav|R8_BMIHJQU8|Hãy tin tưởng vào quyết định của bản thân nhé!
audio_0445_Hay_cho_toi_mot_loi_khuyen_toi_xin_cam_on.wav|R8_BMIHJQU8|Hãy cho tôi một lời khuyên, tôi xin cảm ơn!
audio_0446_Yeu_con_trai_cua_ba_nhieu_lam.wav|R8_BMIHJQU8|Yêu con trai của ba nhiều lắm!
audio_0447_Nhung_tren_het_do_la_cam_xuc_hanh_phuc.wav|R8_BMIHJQU8|Nhưng trên hết đó là cảm xúc hạnh phúc!
audio_0448_Dung_bi_cam_do_cac_anh_nhe.wav|R8_BMIHJQU8|Đừng bị cám dỗ các anh nhé!
audio_0449_Chuc_ban_va_gia_dinh_nam_moi_manh_khoe_hanh_phuc.wav|R8_BMIHJQU8|Chúc bạn và gia đình năm mới mạnh khỏe, hạnh phúc!
audio_0450_Nhung_co_ta_dung_la_mot_con_cho_trung_thanh.wav|R8_BMIHJQU8|Nhưng cô ta đúng là một con chó trung thành!
audio_0451_Cang_an_lai_cang_nho_gia_dinh_nho_Viet_Nam_vo_cung.wav|R8_BMIHJQU8|Càng ăn lại càng nhớ gia đình, nhớ Việt Nam vô cùng!
audio_0452_Chung_ta_phai_giu_gin_cho_tan_hon_chu.wav|R8_BMIHJQU8|Chúng ta phải giữ gìn cho tân hôn chứ!
audio_0453_Em_khong_biet_truot_tuyet.wav|R8_BMIHJQU8|Em không biết trượt tuyết!
audio_0454_Co_chuc_cac_con_se_som_thanh_cong_trong_tuong_lai.wav|R8_BMIHJQU8|Cô chúc các con sẽ sớm thành công trong tương lai nhé!
audio_0455_Ong_cung_hieu_doi_phet_nhi.wav|R8_BMIHJQU8|Ông cũng hiểu đời phết nhỉ!
audio_0456_Toi_tin_ong_ay_va_Viet_Nam_se_chien_thang.wav|R8_BMIHJQU8|Tôi tin ông ấy và Việt Nam sẽ chiến thắng!
audio_0457_Chuc_ban_thanh_cong_voi_mon_rau_can_muoi_xoi_nay_n.wav|R8_BMIHJQU8|Chúc bạn thành công với món rau cần muối xổi này nhé!
audio_0458_Gia_dinh_xin_cam_on_va_hau_ta.wav|R8_BMIHJQU8|Gia đình xin cảm ơn và hậu tạ!
audio_0459_Nao_hay_cung_xem_qua_cong_thuc_ngay_nhe.wav|R8_BMIHJQU8|Nào hãy cùng xem qua công thức ngay nhé!
audio_0460_Mon_qua_nay_thuc_su_la_mot_vien_ngoc_sang_giua_doi.wav|R8_BMIHJQU8|Món quà này thực sự là một viên ngọc sáng giữa đời!
audio_0461_Cuoi_cung_la_nguoi_ham_mo_cam_on_cac_ban.wav|R8_BMIHJQU8|Cuối cùng là người hâm mộ, cảm ơn các bạn!
audio_0462_Anh_song_vui_ve_o_the_gioi_cua_anh_nhe.wav|R8_BMIHJQU8|Anh sống vui vẻ ở thế giới của anh nhé!
audio_0463_Con_khong_duoc_phep_yeu_duoi_nhe.wav|R8_BMIHJQU8|Con không được phép yếu đuối nhé!
audio_0464_Cac_ban_hay_ung_ho_va_binh_chon_cho_Son_nhe.wav|R8_BMIHJQU8|Các bạn hãy ủng hộ và bình chọn cho Sơn nhé!
audio_0465_Chuc_cac_ban_nhieu_may_man_va_suc_khoe.wav|R8_BMIHJQU8|Chúc các bạn nhiều may mắn và sức khỏe!
audio_0466_Dung_la_khong_co_gi_kho_nhu_cho_ban_vay_tien.wav|R8_BMIHJQU8|Đúng là không có gì khổ như cho bạn vay tiền!
audio_0467_Minh_tin_do_la_dieu_tuyet_voi_nhat_roi.wav|R8_BMIHJQU8|Mình tin đó là điều tuyệt vời nhất rồi!
audio_0468_Chuc_moi_dieu_tot_lanh_nhat_se_den_voi_anh_anh_nhe.wav|R8_BMIHJQU8|Chúc mọi điều tốt lành nhất sẽ đến với anh, anh nhé!
audio_0469_Hay_tin_rang_cac_ban_co_the_lam_duoc.wav|R8_BMIHJQU8|Hãy tin rằng các bạn có thể làm được!
audio_0470_Hay_cung_nghe_co_be_dang_yeu_nay_ke_chuyen_nhe.wav|R8_BMIHJQU8|Hãy cùng nghe cô bé đáng yêu này kể chuyện nhé!
audio_0471_Hay_tin_o_chong_vo_nhe.wav|R8_BMIHJQU8|Hãy tin ở chồng, vợ nhé!
audio_0472_Chuc_mung_cac_ban_da_lam_nen_lich_su.wav|R8_BMIHJQU8|Chúc mừng các bạn đã làm nên lịch sử!
audio_0473_Hay_luu_y_mot_vai_dieu_sau_day_cac_ban_nhe.wav|R8_BMIHJQU8|Hãy lưu ý một vài điều sau đây các bạn nhé!
audio_0474_Con_nguoi_ta_deu_co_so_het_roi.wav|R8_BMIHJQU8|Con người ta đều có số hết rồi!
audio_0475_Chuc_mung_nam_moi_va_mong_moi_nguoi_manh_khoe_nhe.wav|R8_BMIHJQU8|Chúc mừng năm mới và mong mọi người mạnh khỏe nhé!
audio_0476_Hay_co_gang_nam_bat_nhe.wav|R8_BMIHJQU8|Hãy cố gắng nắm bắt nhé!
audio_0477_Chung_ta_da_quen_het_moi_thu_chi_tru_bong_da.wav|R8_BMIHJQU8|Chúng ta đã quên hết mọi thứ chỉ trừ bóng đá!
audio_0478_Toi_kham_phuc_co_gai_nay.wav|R8_BMIHJQU8|Tôi khâm phục cô gái này!
audio_0479_Dung_la_tien_nao_cua_nay.wav|R8_BMIHJQU8|Đúng là tiền nào của nấy!
audio_0480_Nhung_do_moi_chinh_la_cuoc_doi_that.wav|R8_BMIHJQU8|Nhưng đó mới chính là cuộc đời thật!
audio_0481_Ong_noi_tiep_di.wav|R8_BMIHJQU8|Ông nói tiếp đi!
audio_0482_Do_la_mot_hinh_anh_binh_di_nhung_that_dep.wav|R8_BMIHJQU8|Đó là một hình ảnh bình dị nhưng thật đẹp!
audio_0483_Khong_ai_co_hanh_phuc_tron_ven_dau_anh.wav|R8_BMIHJQU8|Không ai có hạnh phúc trọn vẹn đâu anh!
audio_0484_Hay_tu_tim_cau_tra_loi_cho_minh_nhe.wav|R8_BMIHJQU8|Hãy tự tìm câu trả lời cho mình nhé!
audio_0485_Toi_nho_cac_ban_hon_vo_cua_toi_chu.wav|R8_BMIHJQU8|Tôi nhớ các bạn hơn vợ của tôi chứ!
audio_0486_Em_yeu_anh_that_thi_quay_lai_cung_anh_em_nhe.wav|R8_BMIHJQU8|Em yêu anh thật thì quay lại cùng anh, em nhé!
audio_0487_Nen_mong_cac_ban_cung_doc_theo_huong_lac_quan_nhe.wav|R8_BMIHJQU8|Nên mong các bạn cũng đọc theo hướng lạc quan nhé!
audio_0488_Con_dang_o_xa_khong_ve_kip_tham_chu_roi.wav|R8_BMIHJQU8|Con đang ở xa không về kịp thăm chú rồi!
audio_0489_Nhu_vay_con_cung_hanh_phuc_lam_roi.wav|R8_BMIHJQU8|Như vậy con cũng hạnh phúc lắm rồi!
audio_0490_Chuc_em_luon_mim_cuoi_va_cung_nho_toi_anh.wav|R8_BMIHJQU8|Chúc em luôn mìm cười và cũng nhớ tới anh!
audio_0491_Toi_nay_me_con_ta_cung_soan_do_nhe.wav|R8_BMIHJQU8|Tối nay, mẹ con ta cùng soạn đồ nhé!
audio_0492_Ta_cung_nhau_tro_ve_to_am_ay_la_hanh_phuc.wav|R8_BMIHJQU8|Ta cùng nhau trở về tổ ấm, ấy là hạnh phúc!
audio_0493_Cho_nen_toi_bao_roi_tri_thuc_quyet_dinh_tat_ca.wav|R8_BMIHJQU8|Cho nên tôi bảo rồi, tri thức quyết định tất cả!
audio_0494_Chuc_em_2_nam_duong_nhiem_that_nhieu_y_nghia.wav|R8_BMIHJQU8|Chúc em 2 năm đương nhiệm thật nhiều ý nghĩa!
audio_0495_Xin_chan_thanh_cam_on_nguoi_ham_mo_ca_nuoc.wav|R8_BMIHJQU8|Xin chân thành cảm ơn người hâm mộ cả nước!
audio_0496_Do_la_dieu_chi_chia_se_that_long_minh.wav|R8_BMIHJQU8|Đó là điều chị chia sẻ thật lòng mình!
audio_0497_Hay_thu_tuong_tuong_neu_dao_Phu_Quoc_cua_Viet_Nam.wav|R8_BMIHJQU8|Hãy thử tưởng tượng nếu đảo Phú Quốc của Việt Nam có một chương trình như vậy!
audio_0498_Nhung_bong_da_khong_phai_la_toan_hoc.wav|R8_BMIHJQU8|Nhưng bóng đá không phải là toán học!
audio_0499_Nhung_neu_ong_khong_con_tinh_cam_thi_co_sao_dau.wav|R8_BMIHJQU8|Nhưng nếu ông không còn tình cảm thì có sao đâu!
audio_0500_Hay_cung_tim_loi_giai_trong_bai_viet_duoi_day.wav|R8_BMIHJQU8|Hãy cùng tìm lời giải trong bài viết dưới đây!
audio_0501_Khong_rieng_gi_V_H_D_N_da_noi_den_quan_tri_can_lam.wav|R8_BMIHJQU8|Không riêng gì V H D N, đã nói đến quản trị cần làm rõ mô hình.
audio_0502_Phan_mem_tu_dong_hoa_S_C_A_D_A_duoc_nhieu_nguoi_su.wav|R8_BMIHJQU8|Phần mềm tự động hóa S C A D A được nhiều người sử dụng.
audio_0503_Nganh_cong_nghe_may_tinh_con_duoc_goi_la_nganh_I_T.wav|R8_BMIHJQU8|Ngành công nghệ máy tính còn được gọi là ngành I T.
audio_0504_Toi_hoc_dai_hoc_o_truong_F_P_T.wav|R8_BMIHJQU8|Tôi học đại học ở trường F P T.
audio_0505_F_T_P_la_cong_nghe_truyen_du_lieu.wav|R8_BMIHJQU8|F T P là công nghệ truyền dữ liệu.
audio_0506_He_thong_ten_mien_con_duoc_goi_la_D_N_S.wav|R8_BMIHJQU8|Hệ thống tên miền còn được gọi là D N S.
audio_0507_Ngan_hang_Phat_trien_Chau_A_co_ten_viet_tat_la_A_D.wav|R8_BMIHJQU8|Ngân hàng Phát triển Châu Á có tên viết tắt là A D B.
audio_0508_Ben_canh_do_thu_hut_F_D_I_cung_nen_di_doi_voi_tinh.wav|R8_BMIHJQU8|Bên cạnh đó, thu hút F D I cũng nên đi đôi với tính bền vững.
audio_0509_Ten_tieng_anh_cua_Trung_Quoc_la_C_H_I_N_A.wav|R8_BMIHJQU8|Tên tiếng anh của Trung Quốc là C H I N A.
audio_0510_Toi_ten_la_Son_A_K_A_John.wav|R8_BMIHJQU8|Tôi tên là Sơn, A K A John.
audio_0511_Viet_Nam_duoc_danh_van_la_V_I_E_T_N_A_M.wav|R8_BMIHJQU8|Việt Nam được đánh vần là V I E T N A M.
audio_0512_Tri_thong_minh_nhan_tao_duoc_goi_tat_la_A_I.wav|R8_BMIHJQU8|Trí thông minh nhân tạo được gọi tắt là A I.
audio_0513_Ten_cua_co_ay_la_R_O_S_E.wav|R8_BMIHJQU8|Tên của cô ấy là R O S E.
audio_0514_Quy_Tien_Te_Quoc_Te_I_M_F_vua_ra_thong_cao_moi.wav|R8_BMIHJQU8|Quỹ Tiền Tệ Quốc Tế I M F vừa ra thông cáo mới.
audio_0515_To_Chuc_Thuong_Mai_The_Gioi_W_T_O_moi_nang_muc_can.wav|R8_BMIHJQU8|Tổ Chức Thương Mại Thế Giới W T O mới nâng mức cảnh báo.
audio_0516_Lien_doan_bong_da_chau_A_A_F_C_da_xu_phat_cau_thu.wav|R8_BMIHJQU8|Liên đoàn bóng đá châu Á A F C đã xử phạt cầu thủ này.
audio_0517_Dien_dan_A_P_E_C_sap_duoc_to_chuc_o_Trung_Quoc.wav|R8_BMIHJQU8|Diễn đàn A P E C sắp được tổ chức ở Trung Quốc.
audio_0518_A_S_E_A_N_la_hiep_hoi_cac_quoc_gia_Dong_Nam_A.wav|R8_BMIHJQU8|A S E A N là hiệp hội các quốc gia Đông Nam Á.
audio_0519_Dong_thoi_xuc_tien_trao_doi_quan_diem_ve_lo_trinh.wav|R8_BMIHJQU8|Đồng thời, xúc tiến trao đổi quan điểm về lộ trình áp dụng I F R S tại Việt Nam.
audio_0520_Du_an_do_phia_Chinh_phu_Nhat_Ban_tai_tro_thong_qua.wav|R8_BMIHJQU8|Dự án do phía Chính phủ Nhật Bản tài trợ thông qua J I C A.
audio_0521_I_C_C_nghia_la_Phong_Thuong_Mai_Quoc_Te.wav|R8_BMIHJQU8|I C C nghĩa là Phòng Thương Mại Quốc Tế.
audio_0522_O_E_C_D_la_To_chuc_Hop_tac_va_Phat_trien_Kinh_te.wav|R8_BMIHJQU8|O E C D là Tổ chức Hợp tác và Phát triển Kinh tế.
audio_0523_O_P_E_C_thong_bao_tru_luong_dau_mo_dang_giam.wav|R8_BMIHJQU8|O P E C thông báo trữ lượng dầu mỏ đang giảm.
audio_0524_Lien_doan_bong_da_chau_Au_U_E_F_A_dang_xu_ly_chuye.wav|R8_BMIHJQU8|Liên đoàn bóng đá châu Âu U E F A đang xử lý chuyện đó.
audio_0525_U_N_la_ten_viet_tat_cua_to_chuc_Lien_Hop_Quoc.wav|R8_BMIHJQU8|U N là tên viết tắt của tổ chức Liên Hợp Quốc.
audio_0526_U_N_I_C_E_F_da_thanh_lap_Quy_cuu_tro_tre_em_khan_c.wav|R8_BMIHJQU8|U N I C E F đã thành lập Quỹ cứu trợ trẻ em khẩn cấp.
audio_0527_W_H_O_moi_cong_bo_cac_khuyen_nghi_phong_chong_dich.wav|R8_BMIHJQU8|W H O mới công bố các khuyến nghị phòng chống dịch.
audio_0528_Toi_muon_di_du_lich_Nga.wav|R8_BMIHJQU8|Tôi muốn đi du lịch Nga.
audio_0529_F_A_O_la_la_mot_co_quan_chuyen_mon_cua_Lien_Hop_Qu.wav|R8_BMIHJQU8|F A O là là một cơ quan chuyên môn của Liên Hợp Quốc.
audio_0530_I_A_E_A_la_ten_viet_tat_cua_Co_quan_Nang_luong_Ngu.wav|R8_BMIHJQU8|I A E A là tên viết tắt của Cơ quan Năng lượng Nguyên tử Quốc Tế
audio_0531_To_chuc_di_cu_Quoc_Te_duoc_goi_la_I_O_M.wav|R8_BMIHJQU8|Tổ chức di cư Quốc Tế được gọi là I O M.
audio_0532_I_U_N_C_la_ten_viet_tat_cua_Lien_Minh_bao_ton_Thie.wav|R8_BMIHJQU8|I U N C là tên viết tắt của Liên Minh bảo tồn Thiên nhiên quốc tế.
audio_0533_Quy_dan_so_Lien_Hiep_Quoc_co_ten_viet_tat_la_U_N_F.wav|R8_BMIHJQU8|Quỹ dân số Liên Hiệp Quốc có tên viết tắt là U N F P A.
audio_0534_B_R_B_duoc_viet_de_noi_rang_toi_se_quay_lai_ngay.wav|R8_BMIHJQU8|B R B được viết để nói rằng tôi sẽ quay lại ngay.
audio_0535_Toi_thay_ao_cua_co_ay_co_viet_ba_chu_B_F_F.wav|R8_BMIHJQU8|Tôi thấy áo của cô ấy có viết ba chữ B F F.
audio_0536_Co_ay_viet_P_L_Z_co_nghia_la_gi_vay.wav|R8_BMIHJQU8|Cô ấy viết P L Z có nghĩa là gì vậy?
audio_0537_Cac_ban_tre_hien_hay_su_dung_B_T_W_nhi.wav|R8_BMIHJQU8|Các bạn trẻ hiện hay sử dụng B T W nhỉ?
audio_0538_W_F_H_lam_viec_tai_nha_da_tro_nen_pho_bien_hon.wav|R8_BMIHJQU8|W F H làm việc tại nhà đã trở nên phổ biến hơn.
audio_0539_H_A_N_D_trong_tieng_anh_co_nghia_la_ban_tay.wav|R8_BMIHJQU8|H A N D trong tiếng anh có nghĩa là bàn tay.
audio_0540_Co_ay_viet_N_G_U_co_nghia_la_Khong_bao_gio_tu_bo.wav|R8_BMIHJQU8|Cô ấy viết N G U có nghĩa là Không bao giờ từ bỏ.
audio_0541_N_V_M_la_chu_viet_tat_nham_bay_to_y_nghia_la_Dung.wav|R8_BMIHJQU8|N V M là chữ viết tắt nhằm bày tỏ ý nghĩa là Đừng bận tâm.
audio_0542_U_B_N_D_tinh_Yen_Bai_vua_ban_hanh_bo_chi_tieu_danh.wav|R8_BMIHJQU8|U B N D tỉnh Yên Bái vừa ban hành bộ chỉ tiêu đánh giá chuyển đổi số tỉnh.
audio_0543_Nguoi_ta_thuong_dung_G_G_luc_chiu_thua_khi_choi_ga.wav|R8_BMIHJQU8|Người ta thường dùng G G lúc chịu thua khi chơi game.
audio_0544_V_I_P_co_y_noi_ve_mot_nhan_vat_rat_quan_trong.wav|R8_BMIHJQU8|V I P có ý nói về một nhân vật rất quan trọng.
audio_0545_A_D_co_y_nghia_noi_ve_moc_thoi_gian_sau_cong_nguye.wav|R8_BMIHJQU8|A D có ý nghĩa nói về mốc thời gian sau công nguyên.
audio_0546_B_C_duoc_dung_de_noi_ve_moc_thoi_gian_truoc_cong_n.wav|R8_BMIHJQU8|B C được dùng để nói về mốc thời gian trước công nguyên.
audio_0547_V_R_cung_duoc_su_dung_trong_dieu_tri.wav|R8_BMIHJQU8|V R cũng được sử dụng trong điều trị.
audio_0548_Ai_la_nguoi_co_chi_so_I_Q_cao_nhat_the_gioi.wav|R8_BMIHJQU8|Ai là người có chỉ số I Q cao nhất thế giới?
audio_0549_Ma_Q_R_nay_duoc_dung_de_dang_ky_giay_di_duong.wav|R8_BMIHJQU8|Mã Q R này được dùng để đăng ký giấy đi đường.
audio_0550_Thue_gia_tri_gia_tang_V_A_T_la_bat_buoc.wav|R8_BMIHJQU8|Thuế giá trị gia tăng V A T là bắt buộc.
audio_0551_Ban_co_muon_di_cung_khong.wav|R8_BMIHJQU8|Bạn có muốn đi cùng không?
audio_0552_Minh_muon_tham_gia_voi_duoc_khong.wav|R8_BMIHJQU8|Mình muốn tham gia với được không?
audio_0553_Khi_nao_ban_co_thoi_gian.wav|R8_BMIHJQU8|Khi nào bạn có thời gian?
audio_0554_Minh_dang_dinh_hoi_ban_day.wav|R8_BMIHJQU8|Mình đang định hỏi bạn đây.
audio_0555_Luc_nao_cac_ban_dinh_di.wav|R8_BMIHJQU8|Lúc nào các bạn định đi?
audio_0556_Chung_minh_dinh_se_di_sau_hai_tuan_nua_dau_thang_1.wav|R8_BMIHJQU8|Chúng mình định sẽ đi sau hai tuần nữa, đầu tháng 10.
audio_0557_Thoi_gian_do_cung_phu_hop_voi_minh.wav|R8_BMIHJQU8|Thời gian đó cũng phù hợp với mình.
audio_0558_Khong_chung_minh_van_chua_dat_gi_het.wav|R8_BMIHJQU8|Không, chúng mình vẫn chưa đặt gì hết.
audio_0559_Ban_co_muon_dat_tat_ca_moi_thu_cung_bon_minh_luon.wav|R8_BMIHJQU8|Bạn có muốn đặt tất cả mọi thứ cùng bọn mình luôn không?
audio_0560_O_minh_khong_muon_tu_dat_truoc_moi_thu.wav|R8_BMIHJQU8|Ồ, mình không muốn tự đặt trước mọi thứ.
audio_0561_Dat_truoc_tien_loi_hon_nhieu_chu.wav|R8_BMIHJQU8|Đặt trước tiện lợi hơn nhiều chứ.
audio_0562_Neu_khong_thi_ban_khong_the_di_voi_bon_minh_duoc.wav|R8_BMIHJQU8|Nếu không thì bạn không thể đi với bọn mình được.
audio_0563_Vay_thi_ban_cu_dat_cho_cho_ban_va_Lien_con_minh_se.wav|R8_BMIHJQU8|Vậy thì bạn cứ đặt chỗ cho bạn và Liên, còn mình sẽ đi cùng gia đình.
audio_0564_U_vay_thoi_bon_minh_se_di_chung_vao_luc_khac.wav|R8_BMIHJQU8|Ừ, vậy thôi bọn mình sẽ đi chung vào lúc khác.
audio_0565_Nho_chup_that_nhieu_anh_dep_gui_cho_minh_xem_nhe.wav|R8_BMIHJQU8|Nhớ chụp thật nhiều ảnh đẹp gửi cho mình xem nhé.
audio_0566_Duong_nhien_roi_neu_co_duyen_bon_minh_se_gap_nhau.wav|R8_BMIHJQU8|Đương nhiên rồi, nếu có duyên bọn mình sẽ gặp nhau ở Nha Trang.
audio_0567_Minh_da_dat_xong_ve_may_bay_va_khach_san_roi.wav|R8_BMIHJQU8|Mình đã đặt xong vé máy bay và khách sạn rồi.
audio_0568_Khi_nao_ban_dinh_chuan_bi.wav|R8_BMIHJQU8|Khi nào bạn định chuẩn bị?
audio_0569_Minh_thuong_xep_vali_cua_minh_truoc_mot_tuan.wav|R8_BMIHJQU8|Mình thường xếp vali của mình trước một tuần.
audio_0570_Khi_nao_ban_di_mua_sam.wav|R8_BMIHJQU8|Khi nào bạn đi mua sắm?
audio_0571_Minh_khong_can_mua_gi_ca.wav|R8_BMIHJQU8|Mình không cần mua gì cả.
audio_0572_The_ban_co_the_di_cung_voi_minh_de_mua_do_duoc_kho.wav|R8_BMIHJQU8|Thế bạn có thể đi cùng với mình để mua đồ được không?
audio_0573_Truoc_khi_sap_xep_hanh_ly_minh_can_mua_mot_vai_thu.wav|R8_BMIHJQU8|Trước khi sắp xếp hành lý, mình cần mua một vài thứ.
audio_0574_Ban_thich_di_du_lich_den_thanh_pho_nao_nhat.wav|R8_BMIHJQU8|Bạn thích đi du lịch đến thành phố nào nhất?
audio_0575_Minh_chua_tung_den_Nha_Trang_truoc_day.wav|R8_BMIHJQU8|Mình chưa từng đến Nha Trang trước đây.
audio_0576_Minh_cung_mong_cho_ky_nghi_nay.wav|R8_BMIHJQU8|Mình cũng mong chờ kỳ nghỉ này.
audio_0577_O_do_bay_gio_thoi_tiet_nong_hay_lanh.wav|R8_BMIHJQU8|Ở đó bây giờ thời tiết nóng hay lạnh?
audio_0578_Minh_cung_dang_hao_huc_lam.wav|R8_BMIHJQU8|Mình cũng đang háo hức lắm.
audio_0579_Danh_ca_goi_nay_toi_mua_luoi_thit_ve_roi_tu_vo_chi.wav|R8_BMIHJQU8|Đánh cá gỏi này tôi mua lưới thịt về rồi tự vô chì, vô phao.
audio_0580_Ban_phai_mua_kem_chong_nang.wav|R8_BMIHJQU8|Bạn phải mua kem chống nắng.
audio_0581_Minh_co_the_gioi_thieu_cho_ban_mot_loai_kem_chong.wav|R8_BMIHJQU8|Mình có thể giới thiệu cho bạn một loại kem chống nắng tốt.
audio_0582_Minh_dinh_thue_mot_chiec_xe_o_to_nua.wav|R8_BMIHJQU8|Mình định thuê một chiếc xe ô tô nữa.
audio_0583_Nhung_ban_da_co_bang_lai_xe_chua.wav|R8_BMIHJQU8|Nhưng bạn đã có bằng lái xe chưa?
audio_0584_Minh_khong_biet_lieu_chung_minh_co_the_lai_xe_de_d.wav|R8_BMIHJQU8|Mình không biết liệu chúng mình có thể lái xe dễ dàng hay không.
audio_0585_Minh_chac_chi_mang_quan_ngan_va_vay.wav|R8_BMIHJQU8|Mình chắc chỉ mang quần ngắn và váy.
audio_0586_Khong_quan_dai_thi_qua_nong.wav|R8_BMIHJQU8|Không, quần dài thì quá nóng.
audio_0587_Minh_dang_nghi_den_viec_mac_quan_den_dau_goi.wav|R8_BMIHJQU8|Mình đang nghĩ đến việc mặc quần đến đầu gối.
audio_0588_Cat_trang_va_bien_xanh_that_dep.wav|R8_BMIHJQU8|Cát trắng và biển xanh thật đẹp.
audio_0589_Moi_nguoi_deu_thich_di_bien_du_lich.wav|R8_BMIHJQU8|Mọi người đều thích đi biển du lịch.
audio_0590_Phong_canh_xung_quanh_that_dep_con_nguoi_cung_rat.wav|R8_BMIHJQU8|Phong cảnh xung quanh thật đẹp, con người cũng rất hiếu khách.
audio_0591_Khi_minh_o_do_minh_da_tung_leo_len_nui_thu_roi.wav|R8_BMIHJQU8|Khi mình ở đó, mình đã từng leo lên núi thử rồi.
audio_0592_Do_la_mot_kinh_nghiem_tuyet_day.wav|R8_BMIHJQU8|Đó là một kinh nghiệm tuyệt đấy.
audio_0593_Chung_minh_cung_co_the_cung_di.wav|R8_BMIHJQU8|Chúng mình cũng có thể cùng đi.
audio_0594_Ban_khong_duoc_quen_dem_theo_nuoc_nhe.wav|R8_BMIHJQU8|Bạn không được quên đem theo nước nhé.
audio_0595_Tat_nhien_chung_ta_phai_chuan_bi_roi.wav|R8_BMIHJQU8|Tất nhiên chúng ta phải chuẩn bị rồi.
audio_0596_Ban_co_phai_dat_truoc_xe_don_o_san_bay_khi_toi_kho.wav|R8_BMIHJQU8|Bạn có phải đặt trước xe đón ở sân bay khi tới không?
audio_0597_Khong_minh_co_the_den_do_roi_thue.wav|R8_BMIHJQU8|Không, mình có thể đến đó rồi thuê.
audio_0598_Chung_minh_cung_da_lam_nhu_the_vao_nam_ngoai.wav|R8_BMIHJQU8|Chúng mình cũng đã làm như thế vào năm ngoái.
audio_0599_Ban_co_ve_khong_thich_len_ke_hoach_truoc.wav|R8_BMIHJQU8|Bạn có vẻ không thích lên kế hoạch trước.
audio_0600_Minh_thay_tuyet_hon_khi_moi_thu_dien_ra_mot_cach_t.wav|R8_BMIHJQU8|Mình thấy tuyệt hơn khi mọi thứ diễn ra một cách tự nhiên.
audio_0601_Chung_ta_cung_se_ra_bai_bien_nhi.wav|R8_BMIHJQU8|Chúng ta cũng sẽ ra bãi biển nhỉ?
audio_0602_Banco_the_boi_cung_ca_heo.wav|R8_BMIHJQU8|Bạncó thể bơi cùng cá heo.
audio_0603_Tat_nhien_chung_minh_phai_di_den_bai_bien_chu.wav|R8_BMIHJQU8|Tất nhiên chúng mình phải đi đến bãi biển chứ.
audio_0604_Minh_thich_kham_pha_van_hoa_va_am_thuc_nua.wav|R8_BMIHJQU8|Mình thích khám phá văn hóa và ẩm thực nữa.
audio_0605_Nhung_minh_cung_rat_quan_tam_den_cac_tour_du_lich.wav|R8_BMIHJQU8|Nhưng mình cũng rất quan tâm đến các tour du lịch văn hóa.
audio_0606_Chung_minh_co_the_can_nhac_chu.wav|R8_BMIHJQU8|Chúng mình có thể cân nhắc chứ?
audio_0607_Duoc_minh_nghi_y_tuong_nay_rat_tuyet.wav|R8_BMIHJQU8|Được, mình nghĩ ý tưởng này rất tuyệt.
audio_0608_Mot_chuyen_di_mat_bao_lau.wav|R8_BMIHJQU8|Một chuyến đi mất bao lâu?
audio_0609_Mot_chuyen_di_kham_pha_van_hoa_keo_dai_hai_ngay.wav|R8_BMIHJQU8|Một chuyến đi khám phá văn hóa kéo dài hai ngày.
audio_0610_Chung_ta_se_den_tham_cac_vien_bao_tang_va_ngam_can.wav|R8_BMIHJQU8|Chúng ta sẽ đến thăm các viện bảo tàng và ngắm cảnh.
audio_0611_Chung_minh_cung_co_the_o_lai_qua_dem_o_gan_vien_ba.wav|R8_BMIHJQU8|Chúng mình cũng có thể ở lại qua đêm ở gần viện bảo tàng.
audio_0612_Chi_ho_minh_co_mot_can_ho_o_gan_do.wav|R8_BMIHJQU8|Chị họ mình có một căn hộ ở gần đó.
audio_0613_Chac_chung_ta_co_the_o_chung_hai_nguoi_mot_phong.wav|R8_BMIHJQU8|Chắc chúng ta có thể ở chung hai người một phòng.
audio_0614_Nhung_Lien_cung_se_den_vay_la_co_ba_nguoi.wav|R8_BMIHJQU8|Nhưng Liên cũng sẽ đến, vậy là có ba người.
audio_0615_Nhung_Lien_se_di_cung_gia_dinh_ma_phai_khong.wav|R8_BMIHJQU8|Nhưng Liên sẽ đi cùng gia đình mà, phải không?
audio_0616_Dung_roi_de_minh_suy_nghi_xem_co_cach_nao_khong.wav|R8_BMIHJQU8|Đúng rồi để mình suy nghĩ xem có cách nào không.
audio_0617_Oi_minh_vua_nhan_duoc_mot_tin_xau.wav|R8_BMIHJQU8|Ôi, mình vừa nhận được một tin xấu.
audio_0618_Chung_ta_khong_the_o_do.wav|R8_BMIHJQU8|Chúng ta không thể ở đó.
audio_0619_Tai_sao_tat_ca_chung_ta_khong_the_den_do.wav|R8_BMIHJQU8|Tại sao tất cả chúng ta không thể đến đó?
audio_0620_Neu_vay_ban_cung_khong_nen_den_do.wav|R8_BMIHJQU8|Nếu vậy bạn cũng không nên đến đó.
audio_0621_Hoac_chung_minh_deu_di_hoac_khong_ai_di_ca.wav|R8_BMIHJQU8|Hoặc chúng mình đều đi hoặc không ai đi cả.
audio_0622_Hay_la_minh_di_den_khach_san_se_thoai_mai_hon_nhie.wav|R8_BMIHJQU8|Hay là mình đi đến khách sạn, sẽ thoải mái hơn nhiều.
audio_0623_Duoc_vay_chung_ta_tim_mot_khach_san_re_tien.wav|R8_BMIHJQU8|Được, vậy chúng ta tìm một khách sạn rẻ tiền.
audio_0624_Vay_chung_ta_hay_tim_cac_khach_san_gia_re_thu_xem.wav|R8_BMIHJQU8|Vậy chúng ta hãy tìm các khách sạn giá rẻ thử xem.
audio_0625_Vi_cau_ay_la_ban_than_nhat_cua_minh.wav|R8_BMIHJQU8|Vì cậu ấy là bạn thân nhất của mình.
audio_0626_Ban_co_van_de_voi_cau_ay_sao.wav|R8_BMIHJQU8|Bạn có vấn đề với cậu ấy sao?
audio_0627_Khong_minh_khong_co_van_de_gi_ca.wav|R8_BMIHJQU8|Không, mình không có vấn đề gì cả.
audio_0628_Minh_cung_rat_hoan_nghenh_cau_ay_di_cung_voi_chung.wav|R8_BMIHJQU8|Mình cũng rất hoan nghênh cậu ấy đi cùng với chúng mình.
audio_0629_Ban_da_di_nhung_thanh_pho_bien_nao_roi.wav|R8_BMIHJQU8|Bạn đã đi những thành phố biển nào rồi?
audio_0630_Minh_rat_thich_di_du_lich.wav|R8_BMIHJQU8|Mình rất thích đi du lịch.
audio_0631_Thoi_tiet_o_do_cung_rat_tuyet.wav|R8_BMIHJQU8|Thời tiết ở đó cũng rất tuyệt.
audio_0632_Vay_u_hay_ke_cho_minh_biet.wav|R8_BMIHJQU8|Vậy ư, hãy kể cho mình biết.
audio_0633_Moi_thu_o_do_the_nao.wav|R8_BMIHJQU8|Mọi thứ ở đó thế nào?
audio_0634_Ban_da_o_dau_mua_he_nam_ngoai.wav|R8_BMIHJQU8|Bạn đã ở đâu mùa hè năm ngoái?
audio_0635_U_minh_o_do_mot_thoi_gian_ngan_thoi.wav|R8_BMIHJQU8|Ừ, mình ở đó một thời gian ngắn thôi.
audio_0636_Minh_muon_thu_mot_cai_gi_do_moi.wav|R8_BMIHJQU8|Mình muốn thử một cái gì đó mới.
audio_0637_Minh_chua_den_do_nhung_chi_minh_thi_di_nhieu_roi.wav|R8_BMIHJQU8|Mình chưa đến đó nhưng chị mình thì đi nhiều rồi.
audio_0638_Chi_minh_ke_la_hai_san_o_do_rat_tuoi_ngon_ma_gia_l.wav|R8_BMIHJQU8|Chị mình kể là hải sản ở đó rất tươi ngon mà giá lại rẻ.
audio_0639_The_ha_lan_sau_minh_di_se_hoi_them_chi_cua_ban_kin.wav|R8_BMIHJQU8|Thế hả, lần sau mình đi sẽ hỏi thêm chị của bạn kinh nghiệm đi Phú Quốc.
audio_0640_Chuyen_nho_chi_cua_minh_biet_rat_nhieu_quan_an_ngo.wav|R8_BMIHJQU8|Chuyện nhỏ, chị của mình biết rất nhiều quán ăn ngon.
audio_0641_The_chi_cua_ban_co_biet_nhung_dia_diem_noi_tieng_o.wav|R8_BMIHJQU8|Thế chị của bạn có biết những địa điểm nổi tiếng ở Nha Trang không?
audio_0642_Co_chu_minh_da_hoi_chi_cua_minh_ve_Nha_Trang_roi.wav|R8_BMIHJQU8|Có chứ, mình đã hỏi chị của mình về Nha Trang rồi.
audio_0643_Bon_minh_co_the_di_tam_bun_khoang_o_dao_Hon_Tam.wav|R8_BMIHJQU8|Bọn mình có thể đi tắm bùn khoáng ở đảo Hòn Tằm.
audio_0644_Hay_qua_minh_chua_duoc_tam_bun_bao_gio.wav|R8_BMIHJQU8|Hay quá, mình chưa được tắm bùn bao giờ.
audio_0645_Tam_bun_khoang_giup_cho_da_min_mang_va_trang_hon.wav|R8_BMIHJQU8|Tắm bùn khoáng giúp cho da mịn màng và trắng hơn.
audio_0646_Minh_rat_mong_cho_chuyen_di_nay.wav|R8_BMIHJQU8|Mình rất mong chờ chuyến đi này.
audio_0647_Ban_du_dinh_mang_theo_nhung_gi_khi_den_Nha_Trang.wav|R8_BMIHJQU8|Bạn dự định mang theo những gì khi đến Nha Trang?
audio_0648_Minh_se_mang_theo_vay_quan_ao_va_do_trang_diem.wav|R8_BMIHJQU8|Mình sẽ mang theo váy, quần áo và đồ trang điểm.
audio_0649_Ban_muon_mang_theo_quan_ao_gi.wav|R8_BMIHJQU8|Bạn muốn mang theo quần áo gì?
audio_0650_Minh_dang_nghi_den_quan_ao_nhe_va_quan_dai_den_dau.wav|R8_BMIHJQU8|Mình đang nghĩ đến quần áo nhẹ và quần dài đến đầu gối.
audio_0651_Minh_khong_thich_mac_quan_dai_den_dau_goi.wav|R8_BMIHJQU8|Mình không thích mặc quần dài đến đầu gối.
audio_0652_Nghe_co_ve_thu_vi_nhi.wav|R8_BMIHJQU8|Nghe có vẻ thú vị nhỉ.
audio_0653_Neu_minh_noi_cho_ban_biet_minh_da_o_dau_ban_se_kho.wav|R8_BMIHJQU8|Nếu mình nói cho bạn biết mình đã ở đâu bạn sẽ không tin được.
audio_0654_O_do_bon_minh_da_gap_anh_trai_cua_Trung.wav|R8_BMIHJQU8|Ở đó bọn mình đã gặp anh trai của Trung.
audio_0655_Co_the_la_anh_ay_da_khong_nhin_thay_ban.wav|R8_BMIHJQU8|Có thể là anh ấy đã không nhìn thấy bạn.
audio_0656_Hoac_la_anh_ay_co_the_dang_ban.wav|R8_BMIHJQU8|Hoặc là anh ấy có thể đang bận.
audio_0657_U_hinh_nhu_anh_ay_dang_su_dung_dien_thoai_noi_chuy.wav|R8_BMIHJQU8|Ừ, hình như anh ấy đang sử dụng điện thoại nói chuyện với đối tác?
audio_0658_Sau_do_anh_ay_da_co_mot_cuoc_tro_chuyen_quan_trong.wav|R8_BMIHJQU8|Sau đó, anh ấy đã có một cuộc trò chuyện quan trọng.
audio_0659_Chac_han_la_nhu_vay_roi.wav|R8_BMIHJQU8|Chắc hẳn là như vậy rồi.
audio_0660_Do_la_mot_dat_nuoc_xinh_dep.wav|R8_BMIHJQU8|Đó là một đất nước xinh đẹp.
audio_0661_Minh_khong_tin_dieu_do_bay_gio.wav|R8_BMIHJQU8|Mình không tin điều đó bây giờ.
audio_0662_Ban_phai_giai_thich_cho_minh.wav|R8_BMIHJQU8|Bạn phải giải thích cho mình.
audio_0663_Minh_da_nho_mot_giao_vien_day_minh_luot_song.wav|R8_BMIHJQU8|Mình đã nhờ một giáo viên dạy mình lướt sóng.
audio_0664_Ban_se_ke_cho_minh_nghe_chu.wav|R8_BMIHJQU8|Bạn sẽ kể cho mình nghe chứ?
audio_0665_Ban_thuong_an_gi_o_Uc.wav|R8_BMIHJQU8|Bạn thường ăn gì ở Úc?
audio_0666_Bua_toi_minh_an_minh_ong.wav|R8_BMIHJQU8|Bữa tối mình ăn mình ống.
audio_0667_Minh_co_the_nau_cho_ban_an_vao_mua_he.wav|R8_BMIHJQU8|Mình có thể nấu cho bạn ăn vào mùa hè.
audio_0668_Mon_an_do_minh_khong_biet_nau.wav|R8_BMIHJQU8|Món ăn đó mình không biết nấu.
audio_0669_Chung_ta_cung_co_the_den_do.wav|R8_BMIHJQU8|Chúng ta cũng có thể đến đó.
audio_0670_Ban_muon_di_du_lich_o_dau.wav|R8_BMIHJQU8|Bạn muốn đi du lịch ở đâu?
audio_0671_Duoc_chung_ta_co_the_den_do_voi_bo_minh_vao_mua_he.wav|R8_BMIHJQU8|Được, chúng ta có thể đến đó với bố mình vào mùa hè năm sau.
audio_0672_Tuyet_nhung_bon_minh_co_the_bay_vao_buoi_toi_khong.wav|R8_BMIHJQU8|Tuyệt, nhưng bọn mình có thể bay vào buổi tối không?
audio_0673_Khong_duoc_bo_minh_khong_the_bay_vao_toi_muon.wav|R8_BMIHJQU8|Không được, bố mình không thể bay vào tối muộn.
audio_0674_Ban_dinh_se_mang_theo_gi_cho_chuyen_di.wav|R8_BMIHJQU8|Bạn định sẽ mang theo gì cho chuyến đi?
audio_0675_Khong_nhieu_lam_boi_vi_no_la_mot_chuyen_di_ngan.wav|R8_BMIHJQU8|Không nhiều lắm, bởi vì nó là một chuyến đi ngắn.
audio_0676_Minh_co_nen_an_gi_do_truoc_chuyen_bay_khong.wav|R8_BMIHJQU8|Mình có nên ăn gì đó trước chuyến bay không?
audio_0677_Chuyen_bay_keo_dai_12_gio.wav|R8_BMIHJQU8|Chuyến bay kéo dài 12 giờ.
audio_0678_Minh_mac_chung_so_do_cao.wav|R8_BMIHJQU8|Mình mắc chứng sợ độ cao.
audio_0679_Khong_the_di_bang_tau_hoa_sao.wav|R8_BMIHJQU8|Không thể đi bằng tàu hỏa sao?
audio_0680_Hay_la_bon_minh_di_cho_khac_nhi.wav|R8_BMIHJQU8|Hay là bọn mình đi chỗ khác nhỉ?
audio_0681_Duoc_roi_minh_se_bay_cung_ban.wav|R8_BMIHJQU8|Được rồi, mình sẽ bay cùng bạn.
audio_0682_Nhung_minh_can_mot_chiec_mat_na.wav|R8_BMIHJQU8|Nhưng mình cần một chiếc mặt nạ.
audio_0683_Ban_muon_thu_gi_cung_co.wav|R8_BMIHJQU8|Bạn muốn thứ gì cũng có.
audio_0684_Noi_do_co_rat_nhieu_diem_tham_quan_dep.wav|R8_BMIHJQU8|Nơi đó có rất nhiều điểm tham quan đẹp.
audio_0685_Minh_da_tung_den_Tho_Nhi_Ky_truoc_day.wav|R8_BMIHJQU8|Mình đã từng đến Thổ Nhĩ Kỳ trước đây.
audio_0686_Minh_cung_khong_ro_lam_minh_rat_muon_den_do_thu_xe.wav|R8_BMIHJQU8|Mình cũng không rõ lắm, mình rất muốn đến đó thử xem.
audio_0687_Xin_chao_ban_co_muon_chuyen_den_can_ho_chung_cu_vo.wav|R8_BMIHJQU8|Xin chào, bạn có muốn chuyển đến căn hộ chung cư với chúng mình không?
audio_0688_Ban_song_o_thanh_pho_nao_vay.wav|R8_BMIHJQU8|Bạn sống ở thành phố nào vậy?
audio_0689_Minh_se_chuyen_den_can_ho_voi_Lien.wav|R8_BMIHJQU8|Mình sẽ chuyển đến căn hộ với Liên.
audio_0690_Minh_cung_song_o_Ha_Noi.wav|R8_BMIHJQU8|Mình cũng sống ở Hà Nội.
audio_0691_Ngoi_nha_rong_bao_nhieu_met_vuong.wav|R8_BMIHJQU8|Ngôi nhà rộng bao nhiêu mét vuông?
audio_0692_Can_ho_co_ba_phong_se_du_cho_cho_ba_nguoi_chung_mi.wav|R8_BMIHJQU8|Căn hộ có ba phòng, sẽ đủ chỗ cho ba người chúng mình.
audio_0693_Minh_muon_chuyen_den_voi_ban.wav|R8_BMIHJQU8|Mình muốn chuyển đến với bạn.
audio_0694_Can_ho_co_gan_truong_dai_hoc_cua_chung_minh_khong.wav|R8_BMIHJQU8|Căn hộ có gần trường đại học của chúng mình không?
audio_0695_Khong_no_o_cach_do_20_phut_nhung_chung_ta_co_the_d.wav|R8_BMIHJQU8|Không, nó ở cách đó 20 phút, nhưng chúng ta có thể đi bằng xe buýt.
audio_0696_Khi_nao_chung_ta_co_the_chuyen_nha.wav|R8_BMIHJQU8|Khi nào chúng ta có thể chuyển nhà?
audio_0697_Truong_dai_hoc_se_bat_dau_khai_giang_vao_ba_tuan_s.wav|R8_BMIHJQU8|Trường đại học sẽ bắt đầu khai giảng vào ba tuần sau.
audio_0698_Chung_minh_dinh_chuyen_den_sau_ba_ngay_nua.wav|R8_BMIHJQU8|Chúng mình định chuyển đến sau ba ngày nữa.
audio_0699_Minh_cung_khong_co_tu_lanh.wav|R8_BMIHJQU8|Mình cũng không có tủ lạnh.
audio_0700_Chung_minh_hay_lap_ke_hoach_de_mua_sam_them_do_can.wav|R8_BMIHJQU8|Chúng mình hãy lập kế hoạch để mua sắm thêm đồ cần thiết.
audio_0701_Minh_co_the_mang_theo_mot_chiec_ghe_dai_va_mot_chi.wav|R8_BMIHJQU8|Mình có thể mang theo một chiếc ghế dài và một chiếc máy giặt.
audio_0702_De_minh_nghi_xem_chung_ta_co_bao_nhieu_phong_ngu.wav|R8_BMIHJQU8|Để mình nghĩ xem chúng ta có bao nhiêu phòng ngủ?
audio_0703_Chung_minh_co_ba_phong_ngu.wav|R8_BMIHJQU8|Chúng mình có ba phòng ngủ
audio_0704_Moi_nguoi_deu_co_phong_ngu_rieng.wav|R8_BMIHJQU8|Mỗi người đều có phòng ngủ riêng.
audio_0705_Duoc_roi_vay_moi_nguoi_co_the_mua_do_dac_rieng_cho.wav|R8_BMIHJQU8|Được rồi, vậy mọi người có thể mua đồ đạc riêng cho phòng ngủ của mình.
audio_0706_U_on_do_minh_dong_y_de_minh_noi_voi_Lien.wav|R8_BMIHJQU8|Ừ, ổn đó, mình đồng ý, để mình nói với Liên.
audio_0707_Bay_gio_chung_ta_co_the_bat_dau_tu_nha_bep.wav|R8_BMIHJQU8|Bây giờ chúng ta có thể bắt đầu từ nhà bếp.
audio_0708_Chung_ta_can_mua_nhung_gi_cho_nha_bep.wav|R8_BMIHJQU8|Chúng ta cần mua những gì cho nhà bếp?
audio_0709_Minh_van_con_nam_cai_noi_va_mot_cai_am_dun.wav|R8_BMIHJQU8|Mình vẫn còn năm cái nồi và một cái ấm đun.
audio_0710_Chung_minh_co_san_mot_can_bep_voi_bep_tu_roi_phai.wav|R8_BMIHJQU8|Chúng mình có sẵn một căn bếp với bếp từ rồi phải không?
audio_0711_Nha_bep_co_dien_tich_bao_nhieu_met_vuong_vay.wav|R8_BMIHJQU8|Nhà bếp có diện tích bao nhiêu mét vuông vậy?
audio_0712_Nha_bep_la_15_met_vuong.wav|R8_BMIHJQU8|Nhà bếp là 15 mét vuông.
audio_0713_Khong_sao_dau_dien_tich_kha_lon.wav|R8_BMIHJQU8|Không sao đâu, diện tích khá lớn.
audio_0714_Bep_co_moi_va_sach_se_khong.wav|R8_BMIHJQU8|Bếp có mới và sạch sẽ không?
audio_0715_Chung_ta_co_can_den_lau_chui_khong.wav|R8_BMIHJQU8|Chúng ta có cần đến lau chùi không?
audio_0716_Hom_nay_chung_ta_phai_den_do_de_don_dep_nha_bep.wav|R8_BMIHJQU8|Hôm nay chúng ta phải đến đó để dọn dẹp nhà bếp.
audio_0717_Co_nhung_hay_hen_ngay_khac_de_chung_ta_cung_don_de.wav|R8_BMIHJQU8|Có, nhưng hãy hẹn ngày khác để chúng ta cùng dọn dẹp toàn bộ ngôi nhà nhé.
audio_0718_Nhung_chung_ta_phai_bat_dau_cang_som_cang_tot.wav|R8_BMIHJQU8|Nhưng chúng ta phải bắt đầu càng sớm càng tốt.
audio_0719_Minh_nghi_chung_ta_khong_can_lo_vi_song_dau.wav|R8_BMIHJQU8|Mình nghĩ chúng ta không cần lò vi sóng đâu.
audio_0720_Duoc_roi_chung_ta_hay_hoi_Lien_sau.wav|R8_BMIHJQU8|Được rồi, chúng ta hãy hỏi Liên sau.
audio_0721_Chung_minh_cung_can_mot_may_rua_chen_chu.wav|R8_BMIHJQU8|Chúng mình cũng cần một máy rửa chén chứ?
audio_0722_Minh_se_mua_may_rua_bat_va_lo_nuong.wav|R8_BMIHJQU8|Mình sẽ mua máy rửa bát và lò nướng.
audio_0723_Lien_se_mua_cac_thu_khac_nhu_dao_keo_va_dia.wav|R8_BMIHJQU8|Liên sẽ mua các thứ khác như dao kéo và đĩa.
audio_0724_Minh_nghi_rang_can_co_mot_may_rua_bat_trong_can_ho.wav|R8_BMIHJQU8|Mình nghĩ rằng cần có một máy rửa bát trong căn hộ.
audio_0725_Anh_sang_tu_cua_so_cau_thang_chan_hoa_cho_nha_them.wav|R8_BMIHJQU8|Ánh sáng từ cửa sổ cầu thang chan hòa, cho nhà thêm trong lành.
audio_0726_Cac_buc_tuong_deu_mau_vang_chung_ta_co_the_son_mau.wav|R8_BMIHJQU8|Các bức tường đều màu vàng, chúng ta có thể sơn màu khác.
audio_0727_Minh_khong_the_tiep_xuc_voi_cac_loai_thao_moc.wav|R8_BMIHJQU8|Mình không thể tiếp xúc với các loại thảo mộc.
audio_0728_Nhung_ban_co_the_trong_o_ban_cong.wav|R8_BMIHJQU8|Nhưng bạn có thể trồng ở ban công.
audio_0729_Do_cung_se_la_mot_lua_chon_hay_de_minh_suy_nghi_da.wav|R8_BMIHJQU8|Đó cũng sẽ là một lựa chọn hay, để mình suy nghĩ đã.
audio_0730_Chung_minh_cung_co_the_trong_them_cay_de_co_mau_xa.wav|R8_BMIHJQU8|Chúng mình cũng có thể trồng thêm cây để có màu xanh.
audio_0731_A_minh_van_con_mot_tam_tham_mau_vang.wav|R8_BMIHJQU8|À, mình vẫn còn một tấm thảm màu vàng.
audio_0732_Phong_tam_cua_chung_minh_rat_nho_va_khong_co_cua_s.wav|R8_BMIHJQU8|Phòng tắm của chúng mình rất nhỏ và không có cửa sổ.
audio_0733_No_co_phai_la_mot_van_de_danh_cho_ban.wav|R8_BMIHJQU8|Nó có phải là một vấn đề dành cho bạn?
audio_0734_Chung_minh_van_chua_xong_voi_nha_bep.wav|R8_BMIHJQU8|Chúng mình vẫn chưa xong với nhà bếp.
audio_0735_Chung_ta_co_muon_dat_ban_an_trong_bep_khong.wav|R8_BMIHJQU8|Chúng ta có muốn đặt bàn ăn trong bếp không?
audio_0736_Nhung_chung_ta_co_the_an_vao_mua_he_tren_ban_cong.wav|R8_BMIHJQU8|Nhưng chúng ta có thể ăn vào mùa hè trên ban công và vào mùa đông trong phòng khách.
audio_0737_Chung_ta_se_thao_luan_ve_dieu_do_sau.wav|R8_BMIHJQU8|Chúng ta sẽ thảo luận về điều đó sau.
audio_0738_Lien_co_the_mua_rem_duoc_khong.wav|R8_BMIHJQU8|Liên có thể mua rèm được không?
audio_0739_Duoc_me_cau_ay_se_may_no_cho_chung_minh.wav|R8_BMIHJQU8|Được, mẹ cậu ấy sẽ may nó cho chúng mình.
audio_0740_Chung_minh_muon_co_mot_tam_rem_mau_xam.wav|R8_BMIHJQU8|Chúng mình muốn có một tấm rèm màu xám.
audio_0741_Y_minh_la_mot_mau_xam_long_chuot.wav|R8_BMIHJQU8|Ý mình là một màu xám lông chuột.
audio_0742_Minh_khong_biet_nha_ve_sinh_co_dien_tich_bao_nhieu.wav|R8_BMIHJQU8|Mình không biết nhà vệ sinh có diện tích bao nhiêu mét vuông.
audio_0743_Mot_tu_nho_dung_do_dung_cua_chung_ta_co_vua_trong.wav|R8_BMIHJQU8|Một tủ nhỏ đựng đồ dùng của chúng ta có vừa trong đó không?
audio_0744_Co_nhung_khong_the_ke_tu_to_hon.wav|R8_BMIHJQU8|Có, nhưng không thể kê tủ to hơn.
audio_0745_Chung_ta_co_nen_mua_tu_khong.wav|R8_BMIHJQU8|Chúng ta có nên mua tủ không?
audio_0746_Duoc_ban_hay_mua_mot_cai_tu.wav|R8_BMIHJQU8|Được, bạn hãy mua một cái tủ.
audio_0747_Chung_ta_co_mot_van_de_nua.wav|R8_BMIHJQU8|Chúng ta có một vấn đề nữa.
audio_0748_May_giat_se_de_o_dau.wav|R8_BMIHJQU8|Máy giặt sẽ để ở đâu?
audio_0749_Van_con_mot_phong_rat_nho_trong_can_ho_o_do_chung.wav|R8_BMIHJQU8|Vẫn còn một phòng rất nhỏ trong căn hộ, ở đó chúng mình có thể đặt máy giặt.
audio_0750_Doi_voi_nha_ve_sinh_chung_ta_can_mua_tham_rem_cua.wav|R8_BMIHJQU8|Đối với nhà vệ sinh chúng ta cần mua thảm, rèm cửa, rèm tắm và gương.
audio_0751_Minh_nghi_rang_minh_con_mot_buc_man_tam_va_mot_chi.wav|R8_BMIHJQU8|Mình nghĩ rằng mình còn một bức màn tắm và một chiếc gương trong căn hộ cũ của mình.
audio_0752_Sau_do_minh_dinh_mua_mot_tam_tham.wav|R8_BMIHJQU8|Sau đó, mình định mua một tấm thảm.
audio_0753_Lien_muon_mua_mot_tam_rem.wav|R8_BMIHJQU8|Liên muốn mua một tấm rèm.
audio_0754_Co_ay_cung_co_mot_hop_dung_kem_danh_rang_va_ban_ch.wav|R8_BMIHJQU8|Cô ấy cũng có một hộp đựng kem đánh răng và bàn chải đánh răng.
audio_0755_Bay_gio_chung_ta_co_the_bat_dau_voi_phong_khach_ro.wav|R8_BMIHJQU8|Bây giờ chúng ta có thể bắt đầu với phòng khách rồi.
audio_0756_Ban_dinh_mua_them_nhung_gi.wav|R8_BMIHJQU8|Bạn định mua thêm những gì?
audio_0757_Minh_se_mua_ban_an_voi_ghe.wav|R8_BMIHJQU8|Mình sẽ mua bàn ăn với ghế.
audio_0758_Minh_se_mua_ghe_sofa_va_ban_ca_phe.wav|R8_BMIHJQU8|Mình sẽ mua ghế sofa và bàn cà phê.
audio_0759_Minh_cung_co_mot_gia_sach_tham_va_rem_cua.wav|R8_BMIHJQU8|Mình cũng có một giá sách, thảm và rèm cửa.
audio_0760_Neu_ban_muon_minh_co_the_mua_them_mot_bo_rem.wav|R8_BMIHJQU8|Nếu bạn muốn, mình có thể mua thêm một bộ rèm.
audio_0761_Chu_nha_khong_muon_chung_minh_treo_do_len_tuong.wav|R8_BMIHJQU8|Chủ nhà không muốn chúng mình treo đồ lên tường.
audio_0762_Anh_ay_khong_muon_khoan_vao_tuong.wav|R8_BMIHJQU8|Anh ấy không muốn khoan vào tường.
audio_0763_Minh_se_khong_lam_dieu_do.wav|R8_BMIHJQU8|Mình sẽ không làm điều đó.
audio_0764_Chung_ta_van_phai_suy_nghi_them_ve_hanh_lang.wav|R8_BMIHJQU8|Chúng ta vẫn phải suy nghĩ thêm về hành lang.
audio_0765_Minh_nghi_chung_ta_chi_can_mot_tu_quan_ao_va_mot_c.wav|R8_BMIHJQU8|Mình nghĩ chúng ta chỉ cần một tủ quần áo và một chiếc gương.
audio_0766_Bay_gio_chung_minh_da_len_ke_hoach_cho_moi_thu.wav|R8_BMIHJQU8|Bây giờ chúng mình đã lên kế hoạch cho mọi thứ.
audio_0767_Minh_thay_gia_thue_rat_re.wav|R8_BMIHJQU8|Mình thấy giá thuê rất rẻ.
audio_0768_Oi_tai_sao_ban_khong_noi_gia_tien_som_ngay_tu_dau.wav|R8_BMIHJQU8|Ôi tại sao bạn không nói giá tiền sớm ngay từ đầu?
audio_0769_Dung_noi_voi_minh_rang_ban_thay_gia_qua_dat.wav|R8_BMIHJQU8|Đừng nói với mình rằng bạn thấy giá quá đắt.
audio_0770_Minh_van_con_la_mot_sinh_vien_va_minh_tham_chi_kho.wav|R8_BMIHJQU8|Mình vẫn còn là một sinh viên và mình thậm chí không đi làm.
audio_0771_Nhung_ban_chi_phai_tra_mot_trieu_thoi_ma.wav|R8_BMIHJQU8|Nhưng bạn chỉ phải trả một triệu thôi mà.
audio_0772_Minh_thay_the_la_hop_ly_qua_roi.wav|R8_BMIHJQU8|Mình thấy thế là hợp lý quá rồi.
audio_0773_Can_ho_nay_co_hai_phong_nho_va_mot_phong_lon.wav|R8_BMIHJQU8|Căn hộ này có hai phòng nhỏ và một phòng lớn.
audio_0774_Lam_the_nao_de_chung_minh_phan_chia_cac_phong.wav|R8_BMIHJQU8|Làm thế nào để chúng mình phân chia các phòng?
audio_0775_Minh_thich_co_mot_can_phong_lon.wav|R8_BMIHJQU8|Mình thích có một căn phòng lớn.
audio_0776_Ban_co_nhieu_quan_ao_va_nhieu_do_dac_khong.wav|R8_BMIHJQU8|Bạn có nhiều quần áo và nhiều đồ đạc không?
audio_0777_U_minh_co_rat_nhieu_do_dac_va_rat_nhieu_sach.wav|R8_BMIHJQU8|Ừ, mình có rất nhiều đồ đạc và rất nhiều sách.
audio_0778_Lien_co_nhieu_do_dac_hon_ban.wav|R8_BMIHJQU8|Liên có nhiều đồ đạc hơn bạn.
audio_0779_Ban_co_on_khong_khi_dat_ap_phich_cua_co_ay_trong_p.wav|R8_BMIHJQU8|Bạn có ổn không khi đặt áp phích của cô ấy trong phòng của bạn?
audio_0780_Minh_se_khong_co_bat_ky_van_de_voi_dieu_do.wav|R8_BMIHJQU8|Mình sẽ không có bất kỳ vấn đề với điều đó.
audio_0781_Mien_la_minh_duoc_o_phong_lon.wav|R8_BMIHJQU8|Miễn là mình được ở phòng lớn.
audio_0782_Moi_nguoi_deu_co_chia_khoa_nha.wav|R8_BMIHJQU8|Mọi người đều có chìa khóa nhà.
audio_0783_Minh_se_lay_mot_cai_chia_nua_cho_can_ham.wav|R8_BMIHJQU8|Mình sẽ lấy một cái chìa nữa cho căn hầm.
audio_0784_Gio_chung_minh_van_can_lap_mot_ke_hoach_don_dep.wav|R8_BMIHJQU8|Giờ chúng mình vẫn cần lập một kế hoạch dọn dẹp.
audio_0785_Dung_the_chung_ta_muon_lam_dieu_do_nhu_the_nao.wav|R8_BMIHJQU8|Đúng thế, chúng ta muốn làm điều đó như thế nào?
audio_0786_Minh_de_nghi_moi_nguoi_don_dep_phong_rieng_cua_min.wav|R8_BMIHJQU8|Mình đề nghị mỗi người dọn dẹp phòng riêng của mình.
audio_0787_Ban_co_the_don_khi_ban_muon.wav|R8_BMIHJQU8|Bạn có thể dọn khi bạn muốn.
audio_0788_Chung_ta_se_don_dep_khong_gian_chung_nhu_the_nao.wav|R8_BMIHJQU8|Chúng ta sẽ dọn dẹp không gian chung như thế nào?
audio_0789_Chung_minh_co_the_luan_phien_moi_tuan.wav|R8_BMIHJQU8|Chúng mình có thể luân phiên mỗi tuần.
audio_0790_Hai_ngay_mot_lan_chung_minh_se_lau_va_hut_bui_phon.wav|R8_BMIHJQU8|Hai ngày một lần chúng mình sẽ lau và hút bụi phòng khách.
audio_0791_Minh_se_chu_y_don_dep_nha_cua_ngan_nap.wav|R8_BMIHJQU8|Mình sẽ chú ý dọn dẹp nhà cửa ngăn nắp.
audio_0792_U_minh_thich_nha_bep_phong_khach_va_phong_tam_phai.wav|R8_BMIHJQU8|Ừ, mình thích nhà bếp, phòng khách và phòng tắm phải luôn sạch sẽ.
audio_0793_Minh_cung_se_phu_trach_cong_viec_bep_nuc_va_nau_nh.wav|R8_BMIHJQU8|Mình cũng sẽ phụ trách công việc bếp núc và nấu những bữa ăn ngon.
audio_0794_Duoc_vay_minh_se_don_nha_ve_sinh.wav|R8_BMIHJQU8|Được, vậy mình sẽ dọn nhà vệ sinh.
audio_0795_Ban_muon_nau_vao_nhung_ngay_nao.wav|R8_BMIHJQU8|Bạn muốn nấu vào những ngày nào?
audio_0796_Neu_ban_muon_minh_co_the_nau_vao_moi_thu_sau_thu_b.wav|R8_BMIHJQU8|Nếu bạn muốn, mình có thể nấu vào mỗi thứ sáu, thứ bảy và chủ nhật.
audio_0797_Ban_co_dong_y_voi_nhung_gi_minh_vua_de_xuat_khong.wav|R8_BMIHJQU8|Bạn có đồng ý với những gì mình vừa đề xuất không?
audio_0798_Khong_minh_khong_thich_dieu_do_vi_doi_khi_minh_kho.wav|R8_BMIHJQU8|Không, mình không thích điều đó, vì đôi khi mình không ở nhà.
audio_0799_Ban_co_the_nau_an_vao_thu_hai_va_thu_ba_duoc_khong.wav|R8_BMIHJQU8|Bạn có thể nấu ăn vào thứ hai và thứ ba được không?
audio_0800_Lien_co_the_nau_an_thu_Tu_va_thu_Nam.wav|R8_BMIHJQU8|Liên có thể nấu ăn thứ Tư và thứ Năm.
audio_0801_Minh_chi_nau_an_trong_ba_ngay.wav|R8_BMIHJQU8|Mình chỉ nấu ăn trong ba ngày.
audio_0802_Minh_con_mot_vai_cau_hoi_nua.wav|R8_BMIHJQU8|Mình còn một vài câu hỏi nữa.
audio_0803_Ban_muon_dat_dan_piano_o_dau.wav|R8_BMIHJQU8|Bạn muốn đặt đàn piano ở đâu?
audio_0804_Minh_muon_dat_no_trong_phong_khach.wav|R8_BMIHJQU8|Mình muốn đặt nó trong phòng khách.
audio_0805_Minh_dang_la_sinh_vien_y_khoa_va_sap_toi_se_co_ky.wav|R8_BMIHJQU8|Mình đang là sinh viên y khoa và sắp tới sẽ có kỳ thi đầu tiên.
audio_0806_Minh_se_day_hoc_sinh_bon_gio_moi_ngay_minh_co_the.wav|R8_BMIHJQU8|Mình sẽ dạy học sinh bốn giờ mỗi ngày, mình có thể dạy đàn ở phòng khách không?
audio_0807_Ban_co_the_lam_dieu_do_o_ban_cong.wav|R8_BMIHJQU8|Bạn có thể làm điều đó ở ban công?
audio_0808_Minh_se_biet_on_vi_dieu_do.wav|R8_BMIHJQU8|Mình sẽ biết ơn vì điều đó.
audio_0809_Khong_duoc_dau_hang_xom_cua_chung_minh_se_khong_do.wav|R8_BMIHJQU8|Không được đâu, hàng xóm của chúng mình sẽ không đồng ý với điều đó.
audio_0810_Ban_co_the_hoc_trong_thu_vien.wav|R8_BMIHJQU8|Bạn có thể học trong thư viện.
audio_0811_Minh_hy_vong_ban_giup_minh.wav|R8_BMIHJQU8|Mình hy vọng bạn giúp mình.
audio_0812_Duoc_roi_minh_se_can_nhac.wav|R8_BMIHJQU8|Được rồi, mình sẽ cân nhắc.
audio_0813_Lien_co_on_voi_dieu_do_khong.wav|R8_BMIHJQU8|Liên có ổn với điều đó không?
audio_0814_Minh_da_noi_chuyen_voi_cau_ay_ngay_hom_qua_va_cau.wav|R8_BMIHJQU8|Mình đã nói chuyện với cậu ấy ngày hôm qua và cậu ấy đồng ý.
audio_0815_Chung_minh_phan_chia_mua_sam_hang_tuan_the_nao_bay.wav|R8_BMIHJQU8|Chúng mình phân chia mua sắm hàng tuần thế nào bây giờ nhỉ?
audio_0816_Minh_nghi_chung_ta_nen_chia_tong_cho_ba_va_sau_do.wav|R8_BMIHJQU8|Mình nghĩ chúng ta nên chia tổng cho ba và sau đó mỗi người có thể trả một phần.
audio_0817_Do_la_mot_y_tuong_tot.wav|R8_BMIHJQU8|Đó là một ý tưởng tốt.
audio_0818_Ai_se_la_nguoi_lo_mua_sam.wav|R8_BMIHJQU8|Ai sẽ là người lo mua sắm?
audio_0819_Moi_nguoi_co_the_di_mua_sam_trong_mot_tuan.wav|R8_BMIHJQU8|Mỗi người có thể đi mua sắm trong một tuần.
audio_0820_No_co_the_o_voi_minh_khong.wav|R8_BMIHJQU8|Nó có thể ở với mình không?
audio_0821_Nhung_minh_co_the_noi_chuyen_voi_cau_ay_neu_ban_mu.wav|R8_BMIHJQU8|Nhưng mình có thể nói chuyện với cậu ấy nếu bạn muốn.
audio_0822_Ban_hay_giu_con_meo_tranh_xa_co_ay_nhe.wav|R8_BMIHJQU8|Bạn hãy giữ con mèo tránh xa cô ấy nhé.
audio_0823_Ban_co_bao_nhieu_con_meo.wav|R8_BMIHJQU8|Bạn có bao nhiêu con mèo?
audio_0824_Se_khong_phai_mot_dan_meo_chu.wav|R8_BMIHJQU8|Sẽ không phải một đàn mèo chứ?
audio_0825_Minh_co_mot_con_meo_giong_Ba_Tu.wav|R8_BMIHJQU8|Mình có một con mèo giống Ba Tư.
audio_0826_Minh_chua_tung_nuoi_meo_bao_gio.wav|R8_BMIHJQU8|Mình chưa từng nuôi mèo bao giờ.
audio_0827_Khong_minh_thuong_mang_no_kham_bac_si_dinh_ky.wav|R8_BMIHJQU8|Không, mình thường mang nó khám bác sĩ định kỳ.
audio_0828_Sau_nay_chung_minh_se_tra_tien_thue_nha_nhu_the_na.wav|R8_BMIHJQU8|Sau này chúng mình sẽ trả tiền thuê nhà như thế nào?
audio_0829_Minh_hoi_chu_nha_va_anh_ay_noi_chung_minh_luon_pha.wav|R8_BMIHJQU8|Mình hỏi chủ nhà và anh ấy nói chúng mình luôn phải trả vào đầu tháng.
audio_0830_The_con_tien_dien_va_tien_nuoc_thi_chung_ta_thanh.wav|R8_BMIHJQU8|Thế còn tiền điện và tiền nước thì chúng ta thanh toán như thế nào?
audio_0831_Minh_nghi_rang_de_xuat_cua_ban_rat_tuyet_voi.wav|R8_BMIHJQU8|Mình nghĩ rằng đề xuất của bạn rất tuyệt vời.
audio_0832_A_nhung_neu_bon_minh_quen_chia_khoa_thi_phai_lam_s.wav|R8_BMIHJQU8|À nhưng nếu bọn mình quên chìa khóa thì phải làm sao?
audio_0833_Chung_ta_can_mot_noi_de_giau_chia_khoa_dung_khong.wav|R8_BMIHJQU8|Chúng ta cần một nơi để giấu chìa khóa đúng không?
audio_0834_Bon_minh_giau_duoi_tam_tham_truoc_cua_co_duoc_khon.wav|R8_BMIHJQU8|Bọn mình giấu dưới tấm thảm trước cửa có được không?
audio_0835_Duoc_day_minh_nghi_do_la_mot_cho_kin_dao.wav|R8_BMIHJQU8|Được đấy, mình nghĩ đó là một chỗ kín đáo.
audio_0836_Minh_khong_muon_con_meo_lam_cho_can_ho_tro_nen_loa.wav|R8_BMIHJQU8|Mình không muốn con mèo làm cho căn hộ trở nên loạn đâu.
audio_0837_Dung_lo_no_tham_chi_con_sach_se_va_ve_sinh_hon_ca.wav|R8_BMIHJQU8|Đừng lo, nó thậm chí còn sạch sẽ và vệ sinh hơn cả mình.
audio_0838_Con_meo_cua_minh_rat_ngoan_va_khong_can_nguoi_dau.wav|R8_BMIHJQU8|Con mèo của mình rất ngoan và không cắn người đâu.
audio_0839_No_co_hay_keu_doi_an_khong.wav|R8_BMIHJQU8|Nó có hay kêu đòi ăn không?
audio_0840_No_co_bi_rung_long_khong.wav|R8_BMIHJQU8|Nó có bị rụng lông không?
audio_0841_Minh_se_giu_no_o_trong_phong_cua_minh.wav|R8_BMIHJQU8|Mình sẽ giữ nó ở trong phòng của mình.
audio_0842_Minh_thich_choi_voi_meo_nhung_minh_so_hit_phai_lon.wav|R8_BMIHJQU8|Mình thích chơi với mèo nhưng mình sợ hít phải lông mèo.
audio_0843_Ban_co_dia_chi_nha_khong.wav|R8_BMIHJQU8|Bạn có địa chỉ nhà không?
audio_0844_Minh_chua_co_dia_chi_chinh_xac_cua_can_ho_nay.wav|R8_BMIHJQU8|Mình chưa có địa chỉ chính xác của căn hộ này.
audio_0845_Minh_co_de_minh_gui_cho_ban.wav|R8_BMIHJQU8|Mình có, để mình gửi cho bạn.
audio_0846_Ban_co_so_dien_thoai_cua_minh_chua.wav|R8_BMIHJQU8|Bạn có số điện thoại của mình chưa?
audio_0847_Ban_co_the_nhan_tin_cho_minh.wav|R8_BMIHJQU8|Bạn có thể nhắn tin cho mình.
audio_0848_Chung_ta_co_the_chuyen_nha_sau_hai_tuan_nua.wav|R8_BMIHJQU8|Chúng ta có thể chuyển nhà sau hai tuần nữa.
audio_0849_Bay_gio_chung_ta_da_len_ke_hoach_cho_moi_thu.wav|R8_BMIHJQU8|Bây giờ chúng ta đã lên kế hoạch cho mọi thứ.
audio_0850_Van_de_ke_tiep_la_chuyen_do_nhu_the_nao.wav|R8_BMIHJQU8|Vấn đề kế tiếp là chuyển đồ như thế nào?
audio_0851_Khach_hang_moi_se_duoc_nhan_qua_tang_mien_phi.wav|R8_BMIHJQU8|Khách hàng mới sẽ được nhận quà tặng miễn phí.
audio_0852_Chung_toi_hien_chi_mo_cac_lop_hoc_theo_nhom.wav|R8_BMIHJQU8|Chúng tôi hiện chỉ mở các lớp học theo nhóm.
audio_0853_Chung_toi_hien_nay_khong_tiep_tuc_dao_tao_chuong_t.wav|R8_BMIHJQU8|Chúng tôi hiện nay không tiếp tục đào tạo chương trình học đó nữa.
audio_0854_Mat_hang_cua_ban_hien_nay_van_con_duoc_bao_hanh.wav|R8_BMIHJQU8|Mặt hàng của bạn hiện nay vẫn còn được bảo hành.
audio_0855_Ban_da_thu_khoi_dong_lai_may_tinh_chua_a.wav|R8_BMIHJQU8|Bạn đã thử khởi động lại máy tính chưa ạ?
audio_0856_Truoc_tien_ban_hay_thu_khoi_dong_lai_may_tinh.wav|R8_BMIHJQU8|Trước tiên, bạn hãy thử khởi động lại máy tính.
audio_0857_Ban_co_the_thu_tai_ban_cap_nhat_ve_may_tinh_cua_ba.wav|R8_BMIHJQU8|Bạn có thể thử tải bản cập nhật về máy tính của bạn.
audio_0858_Quy_khach_muon_mua_theo_goi_hay_mua_rieng_le.wav|R8_BMIHJQU8|Quý khách muốn mua theo gói hay mua riêng lẻ?
audio_0859_Chung_toi_co_the_cai_thien_nhu_the_nao.wav|R8_BMIHJQU8|Chúng tôi có thể cải thiện như thế nào?
audio_0860_Quy_khach_vui_long_kiem_tra_lai_ket_noi_mang.wav|R8_BMIHJQU8|Quý khách vui lòng kiểm tra lại kết nối mạng.
audio_0861_Ban_co_the_thu_luu_lai_tep_o_may_chu_khac.wav|R8_BMIHJQU8|Bạn có thể thử lưu lại tệp ở máy chủ khác.
audio_0862_Quy_khach_can_cap_nhat_len_phien_ban_moi_nhat.wav|R8_BMIHJQU8|Quý khách cần cập nhật lên phiên bản mới nhất.
audio_0863_Vui_long_cho_mot_vai_giay_truoc_khi_ban_huy_tai_xu.wav|R8_BMIHJQU8|Vui lòng chờ một vài giây trước khi bạn hủy tải xuống.
audio_0864_Ban_hay_nhap_vao_nut_dong_y_khi_hop_thoai_moi_xuat.wav|R8_BMIHJQU8|Bạn hãy nhấp vào nút đồng ý khi hộp thoại mới xuất hiện.
audio_0865_Ban_co_can_ho_tro_van_de_nao_khac_nua_khong.wav|R8_BMIHJQU8|Bạn có cần hỗ trợ vấn đề nào khác nữa không?
audio_0866_Kich_co_cua_san_pham_nay_dua_theo_tieu_chuan_chau.wav|R8_BMIHJQU8|Kích cỡ của sản phẩm này dựa theo tiêu chuẩn châu Âu.
audio_0867_Cam_on_ban_da_mua_sam_voi_cong_ty_chung_toi.wav|R8_BMIHJQU8|Cảm ơn bạn đã mua sắm với công ty chúng tôi!
audio_0868_Ban_co_can_nhac_mua_them_man_hinh_nua_khong.wav|R8_BMIHJQU8|Bạn có cân nhắc mua thêm màn hình nữa không?
audio_0869_Ban_co_xem_xet_nang_cap_o_cung_cua_may_khong.wav|R8_BMIHJQU8|Bạn có xem xét nâng cấp ổ cứng của máy không?
audio_0870_Ca_hoi_tuoi_chi_co_ban_trong_ngay_hom_nay.wav|R8_BMIHJQU8|Cá hồi tươi chỉ có bán trong ngày hôm nay.
audio_0871_Em_rat_vui_duoc_ho_tro_quy_khach_ngay_hom_nay.wav|R8_BMIHJQU8|Em rất vui được hỗ trợ quý khách ngày hôm nay.
audio_0872_Diem_khac_biet_cua_no_chinh_la_noi_that_boc_da.wav|R8_BMIHJQU8|Điểm khác biệt của nó chính là nội thất bọc da.
audio_0873_San_pham_nay_khong_nam_trong_danh_muc_cho_phep_hoa.wav|R8_BMIHJQU8|Sản phẩm này không nằm trong danh mục cho phép hoàn trả.
audio_0874_Ban_muon_dang_ky_hoc_linh_vuc_nghien_cuu_nao.wav|R8_BMIHJQU8|Bạn muốn đăng ký học lĩnh vực nghiên cứu nào?
audio_0875_Hau_het_cac_khoa_hoc_cua_chung_toi_la_vao_buoi_san.wav|R8_BMIHJQU8|Hầu hết các khóa học của chúng tôi là vào buổi sáng.
audio_0876_Cong_ty_chung_toi_da_thanh_lap_hon_sau_muoi_nam.wav|R8_BMIHJQU8|Công ty chúng tôi đã thành lập hơn sáu mươi năm.
audio_0877_Ban_da_mua_san_pham_nay_o_dia_diem_nao.wav|R8_BMIHJQU8|Bạn đã mua sản phẩm này ở địa điểm nào?
audio_0878_Tat_ca_hang_tra_lai_deu_yeu_cau_co_bien_lai.wav|R8_BMIHJQU8|Tất cả hàng trả lại đều yêu cầu có biên lai.
audio_0879_Xin_vui_long_cho_trong_giay_lat_em_se_kiem_tra_va.wav|R8_BMIHJQU8|Xin vui lòng chờ trong giây lát, em sẽ kiểm tra và quay lại ngay sau ít phút.
audio_0880_May_tinh_cua_ban_co_ket_noi_internet_on_dinh_khong.wav|R8_BMIHJQU8|Máy tính của bạn có kết nối internet ổn định không?
audio_0881_Vui_long_dua_ra_xep_hang_trang_tong_the.wav|R8_BMIHJQU8|Vui lòng đưa ra xếp hạng trang tổng thể.
audio_0882_Tai_nghe_khong_phat_am_thanh_phai_khong.wav|R8_BMIHJQU8|Tai nghe không phát âm thanh phải không?
audio_0883_Xin_hoi_ban_co_nhan_duoc_ma_xac_minh_khong.wav|R8_BMIHJQU8|Xin hỏi bạn có nhận được mã xác minh không?
audio_0884_Vui_long_cung_cap_ma_xac_minh_vua_duoc_gui_toi_cho.wav|R8_BMIHJQU8|Vui lòng cung cấp mã xác minh vừa được gửi tới cho bạn.
audio_0885_Vui_long_mo_tin_nhan_de_nhan_ma_xac_minh_cua_ban.wav|R8_BMIHJQU8|Vui lòng mở tin nhắn để nhận mã xác minh của bạn.
audio_0886_Don_dat_hang_cua_ban_da_duoc_xac_nhan_thanh_cong.wav|R8_BMIHJQU8|Đơn đặt hàng của bạn đã được xác nhận thành công.
audio_0887_Chung_toi_da_nhan_duoc_khoan_thanh_toan_cua_ban.wav|R8_BMIHJQU8|Chúng tôi đã nhận được khoản thanh toán của bạn!
audio_0888_Mot_so_san_pham_dang_duoc_giam_gia_trong_thoi_gian.wav|R8_BMIHJQU8|Một số sản phẩm đang được giảm giá trong thời gian có hạn.
audio_0889_Cac_san_pham_giam_gia_dang_het_hang_rat_nhanh.wav|R8_BMIHJQU8|Các sản phẩm giảm giá đang hết hàng rất nhanh.
audio_0890_Chung_toi_cung_cap_dich_vu_giao_hang_tan_nha.wav|R8_BMIHJQU8|Chúng tôi cung cấp dịch vụ giao hàng tận nhà.
audio_0891_Chung_toi_co_san_pham_nay_voi_nhieu_kich_co.wav|R8_BMIHJQU8|Chúng tôi có sản phẩm này với nhiều kích cỡ.
audio_0892_Chung_toi_giam_gia_cho_sinh_vien_va_quan_nhan.wav|R8_BMIHJQU8|Chúng tôi giảm giá cho sinh viên và quân nhân.
audio_0893_Chung_toi_dang_tam_thoi_het_hang_moi_ban_quay_lai.wav|R8_BMIHJQU8|Chúng tôi đang tạm thời hết hàng, mời bạn quay lại vào ngày mai.
audio_0894_Ban_da_lam_the_khach_hang_voi_sieu_thi_chua_a.wav|R8_BMIHJQU8|Bạn đã làm thẻ khách hàng với siêu thị chưa ạ?
audio_0895_Chung_toi_hien_chi_con_co_nho_va_lon_cho_san_pham.wav|R8_BMIHJQU8|Chúng tôi hiện chỉ còn cỡ nhỏ và lớn cho sản phẩm này.
audio_0896_San_pham_nay_moi_ra_mat_nen_ban_het_kha_nhanh.wav|R8_BMIHJQU8|Sản phẩm này mới ra mắt nên bán hết khá nhanh.
audio_0897_Chung_toi_da_ngung_cung_cap_dong_san_pham_do.wav|R8_BMIHJQU8|Chúng tôi đã ngừng cung cấp dòng sản phẩm đó.
audio_0898_Chung_toi_mo_cua_tu_thu_Hai_den_thu_Sau.wav|R8_BMIHJQU8|Chúng tôi mở cửa từ thứ Hai đến thứ Sáu.
audio_0899_Cac_lop_hoc_nay_duoc_thiet_ke_de_hoc_nhanh.wav|R8_BMIHJQU8|Các lớp học này được thiết kế để học nhanh.
audio_0900_Ban_mua_hang_o_cua_hang_truc_tuyen_phai_khong.wav|R8_BMIHJQU8|Bạn mua hàng ở cửa hàng trực tuyến phải không?
audio_0901_Sap_xep_khoa_hoc_cac_ghi_chu_va_cuoc_song_cua_ban.wav|R8_BMIHJQU8|Sắp xếp khoa học các ghi chú và cuộc sống của bạn.
audio_0902_Ban_van_con_giu_giay_mua_hang_hay_bien_lai_dien_tu.wav|R8_BMIHJQU8|Bạn vẫn còn giữ giấy mua hàng hay biên lai điện tử chứ?
audio_0903_Ban_hay_nhap_vao_bieu_tuong_o_goc_tren_cung_ben_ph.wav|R8_BMIHJQU8|Bạn hãy nhấp vào biểu tượng ở góc trên cùng bên phải.
audio_0904_Hay_dam_bao_ban_co_du_dung_luong_tren_o_dia_cua_ba.wav|R8_BMIHJQU8|Hãy đảm bảo bạn có đủ dung lượng trên ổ đĩa của bạn.
audio_0905_Ban_co_the_can_phai_cai_dat_lai_phan_mem.wav|R8_BMIHJQU8|Bạn có thể cần phải cài đặt lại phần mềm.
audio_0906_Toi_da_gui_ma_truy_cap_den_email_cua_ban.wav|R8_BMIHJQU8|Tôi đã gửi mã truy cập đến email của bạn.
audio_0907_Ung_dung_khong_ho_tro_su_dung_nhieu_hon_hai_thiet.wav|R8_BMIHJQU8|Ứng dụng không hỗ trợ sử dụng nhiều hơn hai thiết bị.
audio_0908_Hoan_thanh_moi_viec.wav|R8_BMIHJQU8|Hoàn thành mọi việc.
audio_0909_Di_truoc_mot_buoc_voi_cac_ung_dung_manh_me_giup_ta.wav|R8_BMIHJQU8|Đi trước một bước với các ứng dụng mạnh mẽ giúp tăng năng suất, kết nối và bảo mật.
audio_0910_Cac_phong_thu_do_nam_ngay_phia_sau_cua_hang.wav|R8_BMIHJQU8|Các phòng thử đồ nằm ngay phía sau cửa hàng.
audio_0911_Day_la_mau_moi_nhat_vua_ra_mat_tuan_truoc.wav|R8_BMIHJQU8|Đây là mẫu mới nhất vừa ra mắt tuần trước.
audio_0912_Ban_da_mua_sam_o_cua_hang_chung_toi_truoc_day_chua.wav|R8_BMIHJQU8|Bạn đã mua sắm ở cửa hàng chúng tôi trước đây chưa?
audio_0913_San_pham_ban_dang_hoi_chi_duoc_ban_truc_tuyen.wav|R8_BMIHJQU8|Sản phẩm bạn đang hỏi chỉ được bán trực tuyến.
audio_0914_Quy_khach_vui_long_cho_em_kiem_tra_don_hang.wav|R8_BMIHJQU8|Quý khách vui lòng chờ em kiểm tra đơn hàng.
audio_0915_Ban_muon_thanh_toan_bang_the_ngan_hang_hay_tien_ma.wav|R8_BMIHJQU8|Bạn muốn thanh toán bằng thẻ ngân hàng hay tiền mặt?
audio_0916_Hau_het_cac_hoc_bong_duoc_trao_dua_tren_thanh_tich.wav|R8_BMIHJQU8|Hầu hết các học bổng được trao dựa trên thành tích.
audio_0917_Giao_thong_xung_quanh_khuon_vien_truong_rat_thuan.wav|R8_BMIHJQU8|Giao thông xung quanh khuôn viên trường rất thuận tiện.
audio_0918_Khoa_hoc_do_chi_duoc_cung_cap_vao_ban_ngay.wav|R8_BMIHJQU8|Khóa học đó chỉ được cung cấp vào ban ngày.
audio_0919_Voi_cac_tro_choi_duoc_them_vao_moi_luc_ban_se_luon.wav|R8_BMIHJQU8|Với các trò chơi được thêm vào mọi lúc, bạn sẽ luôn có một cái gì đó mới.
audio_0920_Hay_de_toi_gioi_thieu_cho_ban_xung_quanh_toa_nha.wav|R8_BMIHJQU8|Hãy để tôi giới thiệu cho bạn xung quanh tòa nhà.
audio_0921_Chung_toi_hien_nay_khong_mo_lop_hoc_karate_nao.wav|R8_BMIHJQU8|Chúng tôi hiện nay không mở lớp học karate nào.
audio_0922_Xin_vui_long_cho_may_trong_giay_lat_em_se_quay_lai.wav|R8_BMIHJQU8|Xin vui lòng chờ máy trong giây lát, em sẽ quay lại ngay.
audio_0923_Chung_toi_co_the_cung_cap_dao_tao_tai_cho.wav|R8_BMIHJQU8|Chúng tôi có thể cung cấp đào tạo tại chỗ.
audio_0924_Ban_co_the_vui_long_danh_van_ten_cua_ban.wav|R8_BMIHJQU8|Bạn có thể vui lòng đánh vần tên của bạn?
audio_0925_Vui_long_kiem_tra_xem_Internet_co_hoat_dong_khong.wav|R8_BMIHJQU8|Vui lòng kiểm tra xem Internet có hoạt động không.
audio_0926_Xin_loi_ban_muon_thay_doi_chinh_xac_nhung_thong_ti.wav|R8_BMIHJQU8|Xin lỗi, bạn muốn thay đổi chính xác những thông tin gì?
audio_0927_Vui_long_cung_cap_ma_so_don_hang_va_dia_chi_giao_h.wav|R8_BMIHJQU8|Vui lòng cung cấp mã số đơn hàng và địa chỉ giao hàng.
audio_0928_Vi_ly_do_bao_mat_vui_long_cung_cap_email_da_dat_ha.wav|R8_BMIHJQU8|Vì lý do bảo mật vui lòng cung cấp email đã đặt hàng.
audio_0929_Xin_cam_on_va_chuc_quy_khach_mot_ngay_moi_tot_lanh.wav|R8_BMIHJQU8|Xin cám ơn và chúc quý khách một ngày mới tốt lành.
audio_0930_Cam_on_quy_khach_da_lien_lac_voi_bo_phan_cham_soc.wav|R8_BMIHJQU8|Cám ơn quý khách đã liên lạc với bộ phận chăm sóc khách hàng.
audio_0931_Day_la_tat_ca_thong_tin_toi_co_xin_loi_vi_khong_th.wav|R8_BMIHJQU8|Đây là tất cả thông tin tôi có, xin lỗi vì không thể hỗ trợ bạn nhiều hơn.
audio_0932_Day_la_nhung_gi_ho_co_the_lam_cho_ban.wav|R8_BMIHJQU8|Đây là những gì họ có thể làm cho bạn.
audio_0933_Chung_toi_se_phai_lam_mot_bieu_mau_bao_cao.wav|R8_BMIHJQU8|Chúng tôi sẽ phải làm một biểu mẫu báo cáo.
audio_0934_Vang_quy_khach_co_the_mo_ta_su_co_gap_phai_ro_hon.wav|R8_BMIHJQU8|Vâng, quý khách có thể mô tả sự cố gặp phải rõ hơn không?
audio_0935_Vang_do_co_the_la_mot_trong_nhung_ly_do.wav|R8_BMIHJQU8|Vâng, đó có thể là một trong những lý do.
audio_0936_Chung_ta_khong_the_lam_gi_khac_vao_luc_nay.wav|R8_BMIHJQU8|Chúng ta không thể làm gì khác vào lúc này.
audio_0937_Chung_toi_se_giai_quyet_no_cang_som_cang_tot.wav|R8_BMIHJQU8|Chúng tôi sẽ giải quyết nó càng sớm càng tốt.
audio_0938_Quy_khach_thay_chuong_trinh_bao_loi_nhu_the_nao.wav|R8_BMIHJQU8|Quý khách thấy chương trình báo lỗi như thế nào?
audio_0939_Tai_xuong_ung_dung_de_co_trai_nghiem_tot_hon.wav|R8_BMIHJQU8|Tải xuống ứng dụng để có trải nghiệm tốt hơn!
audio_0940_Duong_truyen_cua_ban_co_the_bi_gian_doan_do_tin_hi.wav|R8_BMIHJQU8|Đường truyền của bạn có thể bị gián đoạn do tín hiệu yếu.
audio_0941_Tat_ca_cac_mat_hang_quan_ao_duoc_giam_gia_10.wav|R8_BMIHJQU8|Tất cả các mặt hàng quần áo được giảm giá 10%.
audio_0942_Cac_mat_hang_co_the_mau_do_duoc_giam_gia_40.wav|R8_BMIHJQU8|Các mặt hàng có thẻ màu đỏ được giảm giá 40%.
audio_0943_Gia_niem_yet_khong_bao_gom_thue_hoac_phi_van_chuye.wav|R8_BMIHJQU8|Giá niêm yết không bao gồm thuế hoặc phí vận chuyển.
audio_0944_Chung_toi_khong_con_hang_trong_kho_vao_luc_nay.wav|R8_BMIHJQU8|Chúng tôi không còn hàng trong kho vào lúc này.
audio_0945_Kich_thuoc_duy_nhat_con_trong_kho_la_kich_thuoc_lo.wav|R8_BMIHJQU8|Kích thước duy nhất còn trong kho là kích thước lớn.
audio_0946_Hoc_sinh_co_the_thay_su_tien_bo_trong_vong_hai_tua.wav|R8_BMIHJQU8|Học sinh có thể thấy sự tiến bộ trong vòng hai tuần!
audio_0947_Co_mot_hoi_thao_tren_web_mien_phi_vao_ngay_mai.wav|R8_BMIHJQU8|Có một hội thảo trên web miễn phí vào ngày mai.
audio_0948_Truoc_tien_hay_de_toi_kiem_tra_lich_su_mua_hang_cu.wav|R8_BMIHJQU8|Trước tiên hãy để tôi kiểm tra lịch sử mua hàng của bạn.
audio_0949_Ban_se_duoc_thong_bao_truoc_khi_co_bat_ky_thay_doi.wav|R8_BMIHJQU8|Bạn sẽ được thông báo trước khi có bất kỳ thay đổi nào về giá.
audio_0950_Dang_nhap_vao_cac_uu_dai_co_san_cua_ban.wav|R8_BMIHJQU8|Đăng nhập vào các ưu đãi có sẵn của bạn.
audio_0951_Ban_du_dieu_kien_de_duoc_hoan_lai_tien_cho_san_pha.wav|R8_BMIHJQU8|Bạn đủ điều kiện để được hoàn lại tiền cho sản phẩm này.
audio_0952_San_pham_do_khong_con_ke_hoach_nhap_lai_hang.wav|R8_BMIHJQU8|Sản phẩm đó không còn kế hoạch nhập lại hàng.
audio_0953_Chung_toi_se_san_long_gia_han_bao_hanh_cho_ban.wav|R8_BMIHJQU8|Chúng tôi sẽ sẵn lòng gia hạn bảo hành cho bạn.
audio_0954_Ban_da_mua_san_pham_khong_co_goi_bao_hanh.wav|R8_BMIHJQU8|Bạn đã mua sản phẩm không có gói bảo hành.
audio_0955_Chung_toi_cung_cap_dich_vu_mien_phi_nhan_hang_tai.wav|R8_BMIHJQU8|Chúng tôi cung cấp dịch vụ miễn phí nhận hàng tại cửa hàng.
audio_0956_Chung_toi_co_20_nam_kinh_nghiem_trong_viec_giang_d.wav|R8_BMIHJQU8|Chúng tôi có 20 năm kinh nghiệm trong việc giảng dạy.
audio_0957_Quy_khach_co_the_nhan_hang_mien_phi_tai_cua_hang.wav|R8_BMIHJQU8|Quý khách có thể nhận hàng miễn phí tại cửa hàng.
audio_0958_Ban_se_can_them_dung_luong_tren_o_cung_cua_minh.wav|R8_BMIHJQU8|Bạn sẽ cần thêm dung lượng trên ổ cứng của mình.
audio_0959_Hay_thu_nhap_vao_bieu_tuong_cong_cu_trong_tab_cai.wav|R8_BMIHJQU8|Hãy thử nhấp vào biểu tượng "công cụ" trong tab cài đặt.
audio_0960_Ban_da_cap_nhat_thiet_bi_cua_minh_gan_day_chua.wav|R8_BMIHJQU8|Bạn đã cập nhật thiết bị của mình gần đây chưa?
audio_0961_Vui_long_doi_vai_phut_de_tai_xuong_ban_cap_nhat.wav|R8_BMIHJQU8|Vui lòng đợi vài phút để tải xuống bản cập nhật.
audio_0962_Uu_dai_khuyen_mai_co_the_khong_hop_le_cho_tat_ca_t.wav|R8_BMIHJQU8|Ưu đãi khuyến mại có thể không hợp lệ cho tất cả thành viên và chỉ có sẵn trong một thời gian giới hạn.
audio_0963_Vui_long_xoa_goi_tai_xuong_sau_khi_ban_tai_xong.wav|R8_BMIHJQU8|Vui lòng xóa gói tải xuống sau khi bạn tải xong.
audio_0964_Neu_don_hang_co_gia_tri_tren_mot_trieu_quy_khach_s.wav|R8_BMIHJQU8|Nếu đơn hàng có giá trị trên một triệu, quý khách sẽ được miễn phí vận chuyển.
audio_0965_Duoi_day_la_cac_loai_my_pham_co_the_dung_duoc_cho.wav|R8_BMIHJQU8|Dưới đây là các loại mỹ phẩm có thể dùng được cho cả da và tóc một cách hiệu quả mà bạn không nên bỏ qua.
audio_0966_Ban_co_the_tra_gop_trong_sau_hoac_muoi_hai_thang.wav|R8_BMIHJQU8|Bạn có thể trả góp trong sáu hoặc mười hai tháng.
audio_0967_Neu_gap_su_co_ve_thanh_toan_xin_vui_long_lien_he_v.wav|R8_BMIHJQU8|Nếu gặp sự cố về thanh toán, xin vui lòng liên hệ với chúng tôi càng sớm càng tốt.
audio_0968_Ban_co_kinh_nghiem_su_dung_may_tinh_nhu_the_nao.wav|R8_BMIHJQU8|Bạn có kinh nghiệm sử dụng máy tính như thế nào?
audio_0969_Cac_lop_hoc_keo_dai_tu_tam_den_muoi_mot_gio_moi_sa.wav|R8_BMIHJQU8|Các lớp học kéo dài từ tám đến mười một giờ mỗi sáng.
audio_0970_Lop_hoc_dam_boc_cua_chung_toi_la_pho_bien_nhat.wav|R8_BMIHJQU8|Lớp học đấm bốc của chúng tôi là phổ biến nhất.
audio_0971_Toi_co_the_nho_nguoi_khac_dua_ban_di_tham_quan_xun.wav|R8_BMIHJQU8|Tôi có thể nhờ người khác đưa bạn đi tham quan xung quanh.
audio_0972_Quy_khach_hien_dang_gap_loi_o_buoc_nao_a.wav|R8_BMIHJQU8|Quý khách hiện đang gặp lỗi ở bước nào ạ?
audio_0973_Quy_khach_gap_kho_khan_o_buoc_thanh_toan_phai_khon.wav|R8_BMIHJQU8|Quý khách gặp khó khăn ở bước thanh toán phải không ạ?
audio_0974_Chung_toi_can_xac_minh_thong_tin_cua_ban_truoc.wav|R8_BMIHJQU8|Chúng tôi cần xác minh thông tin của bạn trước.
audio_0975_Quy_khach_co_can_ho_tro_ve_van_de_khac_nua_khong_a.wav|R8_BMIHJQU8|Quý khách có cần hỗ trợ về vấn đề khác nữa không ạ?
audio_0976_Xin_cam_on_quy_khach_da_lien_lac_voi_bo_phan_cham.wav|R8_BMIHJQU8|Xin cám ơn quý khách đã liên lạc với bộ phận chăm sóc khách hàng.
audio_0977_Day_la_mot_san_pham_giup_loai_bo_bui_ban_dau_mot_c.wav|R8_BMIHJQU8|Đây là một sản phẩm giúp loại bỏ bụi bẩn, dầu một cách hiệu quả cho cả da và tóc.
audio_0978_Xin_quy_khach_vui_long_danh_gia_muc_do_hai_long_cu.wav|R8_BMIHJQU8|Xin quý khách vui lòng đánh giá mức độ hài lòng của quý khách.
audio_0979_Vi_ly_do_bao_mat_vui_long_cung_cap_dia_chi_va_so_d.wav|R8_BMIHJQU8|Vì lý do bảo mật vui lòng cung cấp địa chỉ và số điện thoại đặt hàng.
audio_0980_Sau_do_toi_se_chi_cho_ban_lien_ket_tai_xuong.wav|R8_BMIHJQU8|Sau đó, tôi sẽ chỉ cho bạn liên kết tải xuống.
audio_0981_Khoan_tien_hoan_lai_da_duoc_chung_toi_chuyen_cho_b.wav|R8_BMIHJQU8|Khoản tiền hoàn lại đã được chúng tôi chuyển cho bạn.
audio_0982_Vui_long_doi_vai_phut_de_chung_toi_kiem_tra_thong.wav|R8_BMIHJQU8|Vui lòng đợi vài phút để chúng tôi kiểm tra thông tin cho quý khách.
audio_0983_Chung_toi_cung_cap_goi_mua_lai_cho_cac_thiet_bi_cu.wav|R8_BMIHJQU8|Chúng tôi cung cấp gói mua lại cho các thiết bị cũ.
audio_0984_Ban_muon_phien_ban_mini_hay_phien_ban_kich_thuoc_d.wav|R8_BMIHJQU8|Bạn muốn phiên bản mini hay phiên bản kích thước đầy đủ?
audio_0985_Chung_toi_se_co_mot_dot_giam_gia_cho_ky_nghi_sap_t.wav|R8_BMIHJQU8|Chúng tôi sẽ có một đợt giảm giá cho kỳ nghỉ sắp tới.
audio_0986_Chung_toi_se_nhan_duoc_mot_lo_hang_moi_vao_thu_Ba.wav|R8_BMIHJQU8|Chúng tôi sẽ nhận được một lô hàng mới vào thứ Ba.
audio_0987_Quy_khach_co_the_tra_hang_mien_phi_tai_nha.wav|R8_BMIHJQU8|Quý khách có thể trả hàng miễn phí tại nhà.
audio_0988_Cua_hang_se_dong_cua_luc_7_gio_toi_vao_dem_giao_th.wav|R8_BMIHJQU8|Cửa hàng sẽ đóng cửa lúc 7 giờ tối vào đêm giao thừa.
audio_0989_Chung_toi_ap_dung_phuong_thuc_thanh_toan_bang_the.wav|R8_BMIHJQU8|Chúng tôi áp dụng phương thức thanh toán bằng thẻ hoặc tiền mặt.
audio_0990_Tat_ca_cac_giang_vien_cua_chung_toi_deu_co_chung_n.wav|R8_BMIHJQU8|Tất cả các giảng viên của chúng tôi đều có chứng nhận.
audio_0991_Sinh_vien_cua_chung_toi_den_tu_khap_noi_tren_the_g.wav|R8_BMIHJQU8|Sinh viên của chúng tôi đến từ khắp nơi trên thế giới.
audio_0992_Chung_toi_cung_cap_hoc_bong_cho_cac_sinh_vien_tai.wav|R8_BMIHJQU8|Chúng tôi cung cấp học bổng cho các sinh viên tài năng.
audio_0993_Chung_toi_cung_cap_cac_lop_hoc_ban_ngay_va_ban_dem.wav|R8_BMIHJQU8|Chúng tôi cung cấp các lớp học ban ngày và ban đêm.
audio_0994_Hoc_sinh_phai_lam_bai_kiem_tra_trinh_do_khi_nhap_h.wav|R8_BMIHJQU8|Học sinh phải làm bài kiểm tra trình độ khi nhập học.
audio_0995_Moi_khoa_hoc_duoc_thiet_ke_phu_hop_voi_nang_luc_cu.wav|R8_BMIHJQU8|Mỗi khóa học được thiết kế phù hợp với năng lực của sinh viên.
audio_0996_Chung_toi_cung_cap_cac_lop_hoc_truc_tiep_hoac_truc.wav|R8_BMIHJQU8|Chúng tôi cung cấp các lớp học trực tiếp hoặc trực tuyến.
audio_0997_Chung_toi_co_the_thay_the_no_mien_phi_neu_ban_muon.wav|R8_BMIHJQU8|Chúng tôi có thể thay thế nó miễn phí nếu bạn muốn.
audio_0998_Ban_co_the_doi_tra_hang_tai_quay_dich_vu_khach_han.wav|R8_BMIHJQU8|Bạn có thể đổi trả hàng tại quầy dịch vụ khách hàng.
audio_0999_Ban_khong_the_tra_lai_cac_mat_hang_duoc_giam_gia_k.wav|R8_BMIHJQU8|Bạn không thể trả lại các mặt hàng được giảm giá khuyến mãi.
audio_1000_Ban_co_nho_ban_da_mua_mon_hang_vao_ngay_nao_khong.wav|R8_BMIHJQU8|Bạn có nhớ bạn đã mua món hàng vào ngày nào không?
audio_1001_Toi_xin_loi_nhung_mat_hang_cuoi_cung_da_duoc_ban.wav|R8_BMIHJQU8|Tôi xin lỗi nhưng mặt hàng cuối cùng đã được bán.
audio_1002_Rat_tiec_phan_mem_khong_duoc_thiet_bi_cua_ban_ho_t.wav|R8_BMIHJQU8|Rất tiếc, phần mềm không được thiết bị của bạn hỗ trợ.
audio_1003_Chung_giup_chong_lao_hoa_cai_thien_ket_cau_cho_da.wav|R8_BMIHJQU8|Chúng giúp chống lão hóa, cải thiện kết cấu cho da và đem lại lợi ích tương tự đối với mái tóc.
audio_1004_Ban_co_the_nang_cap_len_phien_ban_cao_cap_mien_phi.wav|R8_BMIHJQU8|Bạn có thể nâng cấp lên phiên bản cao cấp miễn phí.
audio_1005_Chung_toi_khong_ho_tro_thiet_bi_cua_ban_vao_luc_na.wav|R8_BMIHJQU8|Chúng tôi không hỗ trợ thiết bị của bạn vào lúc này.
audio_1006_Hay_kiem_tra_mo_dem_cua_ban_de_khac_phuc_cac_su_co.wav|R8_BMIHJQU8|Hãy kiểm tra mô-đem của bạn để khắc phục các sự cố kết nối.
audio_1007_Chung_toi_cung_co_chiec_vay_do_voi_kich_thuoc_nho.wav|R8_BMIHJQU8|Chúng tôi cũng có chiếc váy đó với kích thước nhỏ hơn.
audio_1008_Cai_nay_thuc_su_rat_dep_no_duoc_san_xuat_tai_Y.wav|R8_BMIHJQU8|Cái này thực sự rất đẹp, nó được sản xuất tại Ý.
audio_1009_Chung_toi_cung_co_the_giao_hang_cho_ban_neu_ban_mu.wav|R8_BMIHJQU8|Chúng tôi cũng có thể giao hàng cho bạn nếu bạn muốn.
audio_1010_Gia_se_thap_hon_mot_chut_neu_ban_mua_tai_cua_hang.wav|R8_BMIHJQU8|Giá sẽ thấp hơn một chút nếu bạn mua tại cửa hàng.
audio_1011_Sau_khi_hoan_thanh_chuong_trinh_ban_se_nhan_duoc_c.wav|R8_BMIHJQU8|Sau khi hoàn thành chương trình, bạn sẽ nhận được chứng chỉ.
audio_1012_Cac_giang_vien_cua_chung_toi_deu_da_hoc_tai_nhac_v.wav|R8_BMIHJQU8|Các giảng viên của chúng tôi đều đã học tại nhạc viện.
audio_1013_Chung_toi_dam_bao_thuc_hien_viec_hoan_tien_trong_b.wav|R8_BMIHJQU8|Chúng tôi đảm bảo thực hiện việc hoàn tiền trong ba mươi ngày.
audio_1014_Ban_co_the_tat_chuc_nang_do_neu_no_lam_phien_ban.wav|R8_BMIHJQU8|Bạn có thể tắt chức năng đó nếu nó làm phiền bạn.
audio_1015_Cam_on_ban_da_goi_cho_chung_toi_chuc_ban_mot_ngay.wav|R8_BMIHJQU8|Cảm ơn bạn đã gọi cho chúng tôi, chúc bạn một ngày tốt lành.
audio_1016_Cac_mat_hang_de_hu_hong_khong_nam_trong_danh_sach.wav|R8_BMIHJQU8|Các mặt hàng dễ hư hỏng không nằm trong danh sách hàng được trả lại.
audio_1017_Chung_toi_co_the_giu_hang_cho_ban_trong_mot_ngay_l.wav|R8_BMIHJQU8|Chúng tôi có thể giữ hàng cho bạn trong một ngày làm việc.
audio_1018_Moi_thu_chung_toi_ban_o_day_deu_co_chung_nhan_huu.wav|R8_BMIHJQU8|Mọi thứ chúng tôi bán ở đây đều có chứng nhận hữu cơ.
audio_1019_Qua_trinh_dang_ky_cua_chung_toi_rat_de_dang_va_nha.wav|R8_BMIHJQU8|Quá trình đăng ký của chúng tôi rất dễ dàng và nhanh chóng.
audio_1020_Hoc_vien_moi_duoc_tham_gia_lop_hoc_thu_mien_phi.wav|R8_BMIHJQU8|Học viên mới được tham gia lớp học thử miễn phí.
audio_1021_Bao_hanh_cho_san_pham_nay_khong_bao_gom_thiet_hai.wav|R8_BMIHJQU8|Bảo hành cho sản phẩm này không bao gồm thiệt hại do nước.
audio_1022_Ban_se_can_cai_dat_phien_ban_moi_nhat_cua_ung_dung.wav|R8_BMIHJQU8|Bạn sẽ cần cài đặt phiên bản mới nhất của ứng dụng để tiếp tục.
audio_1023_Chung_toi_co_the_cu_ky_thuat_vien_den_ho_tro_ban_l.wav|R8_BMIHJQU8|Chúng tôi có thể cử kỹ thuật viên đến hỗ trợ bạn lúc 3 giờ chiều.
audio_1024_Toi_tin_rang_thiet_bi_cua_ban_co_van_de_ve_ket_noi.wav|R8_BMIHJQU8|Tôi tin rằng thiết bị của bạn có vấn đề về kết nối mạng.
audio_1025_Ban_co_the_tra_phi_dang_ky_hang_thang_hoac_tra_mot.wav|R8_BMIHJQU8|Bạn có thể trả phí đăng ký hàng tháng hoặc trả một lần.
audio_1026_Ban_co_muon_tai_xuong_phien_ban_cao_cap_cua_phan_m.wav|R8_BMIHJQU8|Bạn có muốn tải xuống phiên bản cao cấp của phần mềm không?
audio_1027_Ban_dung_thu_mien_phi_cua_ban_se_het_han_vao_ngay.wav|R8_BMIHJQU8|Bản dùng thử miễn phí của bạn sẽ hết hạn vào ngày mai.
audio_1028_Chung_ta_se_nhan_duoc_nhieu_dau_tay_hon_trong_vai.wav|R8_BMIHJQU8|Chúng ta sẽ nhận được nhiều dâu tây hơn trong vài ngày tới.
audio_1029_Neu_ban_gap_bat_ky_van_de_nao_ve_san_pham_hay_goi.wav|R8_BMIHJQU8|Nếu bạn gặp bất kỳ vấn đề nào về sản phẩm, hãy gọi cho chúng tôi.
audio_1030_Ban_co_the_nhap_vao_tiep_theo_de_kich_hoat_phan_me.wav|R8_BMIHJQU8|Bạn có thể nhấp vào "tiếp theo" để kích hoạt phần mềm của bạn.
audio_1031_Ban_vua_nhan_duoc_mot_khoan_tien_gui_trong_tai_kho.wav|R8_BMIHJQU8|Bạn vừa nhận được một khoản tiền gửi trong tài khoản của mình.
audio_1032_Ban_da_vuot_qua_gioi_han_du_lieu_cua_minh_cho_than.wav|R8_BMIHJQU8|Bạn đã vượt quá giới hạn dữ liệu của mình cho tháng này.
audio_1033_Chung_toi_cho_phep_nhan_hang_tai_cua_hang_hoac_gia.wav|R8_BMIHJQU8|Chúng tôi cho phép nhận hàng tại cửa hàng hoặc giao hàng tận nhà.
audio_1034_Ban_chi_co_the_doi_tra_hang_truc_tiep_tai_cua_hang.wav|R8_BMIHJQU8|Bạn chỉ có thể đổi trả hàng trực tiếp tại cửa hàng.
audio_1035_Gia_cua_moi_san_pham_la_giong_nhau_o_tat_ca_cac_cu.wav|R8_BMIHJQU8|Giá của mỗi sản phẩm là giống nhau ở tất cả các cửa hàng.
audio_1036_Cac_lop_hoc_cua_chung_toi_thuong_theo_nhom_co_3_ho.wav|R8_BMIHJQU8|Các lớp học của chúng tôi thường theo nhóm có 3 hoặc 4 học sinh.
audio_1037_Sinh_vien_se_nhan_duoc_chung_chi_hoan_thanh_khoa_h.wav|R8_BMIHJQU8|Sinh viên sẽ nhận được chứng chỉ hoàn thành khóa học khi tốt nghiệp.
audio_1038_Chung_toi_se_to_chuc_mot_buoi_thong_tin_truc_tuyen.wav|R8_BMIHJQU8|Chúng tôi sẽ tổ chức một buổi thông tin trực tuyến vào ngày mai.
audio_1039_Toi_e_rang_san_pham_khong_du_dieu_kien_de_sua_chua.wav|R8_BMIHJQU8|Tôi e rằng sản phẩm không đủ điều kiện để sửa chữa miễn phí.
audio_1040_Ri_set_khong_duoc_bao_hanh_nen_chung_toi_khong_the.wav|R8_BMIHJQU8|Rỉ sét không được bảo hành nên chúng tôi không thể thay thế cho bạn miễn phí.
audio_1041_Khoan_tien_hoan_lai_se_duoc_xu_ly_trong_vong_hai_n.wav|R8_BMIHJQU8|Khoản tiền hoàn lại sẽ được xử lý trong vòng hai ngày làm việc.
audio_1042_Ban_du_dieu_kien_de_gia_han_bao_hanh_them_mot_nam.wav|R8_BMIHJQU8|Bạn đủ điều kiện để gia hạn bảo hành thêm một năm.
audio_1043_Ban_muon_nhan_hang_tai_cua_hang_hay_muon_chung_toi.wav|R8_BMIHJQU8|Bạn muốn nhận hàng tại cửa hàng hay muốn chúng tôi giao hàng tại nhà cho bạn?
audio_1044_Chung_toi_co_nhieu_lua_chon_cho_nhung_nguoi_muon_h.wav|R8_BMIHJQU8|Chúng tôi có nhiều lựa chọn cho những người muốn học bán thời gian.
audio_1045_Cac_lop_hoc_keo_dai_45_phut_voi_15_phut_giai_lao_g.wav|R8_BMIHJQU8|Các lớp học kéo dài 45 phút với 15 phút giải lao giữa các lớp.
audio_1046_Tat_ca_cac_nhan_vien_cua_chung_toi_da_duoc_dao_tao.wav|R8_BMIHJQU8|Tất cả các nhân viên của chúng tôi đã được đào tạo bài bản.
audio_1047_Chung_toi_khuyen_ban_nen_mang_may_di_bao_tri_ba_na.wav|R8_BMIHJQU8|Chúng tôi khuyên bạn nên mang máy đi bảo trì ba năm một lần.
audio_1048_Mot_nam_luu_tru_dam_may_mien_phi_duoc_tang_kem_tro.wav|R8_BMIHJQU8|Một năm lưu trữ đám mây miễn phí được tặng kèm trong đăng ký của bạn.
audio_1049_Ban_khong_the_su_dung_phieu_giam_gia_cho_cac_mat_h.wav|R8_BMIHJQU8|Bạn không thể sử dụng phiếu giảm giá cho các mặt hàng có giá khuyến mãi.
audio_1050_Chung_toi_hoan_lai_tien_day_du_neu_ban_khong_hai_l.wav|R8_BMIHJQU8|Chúng tôi hoàn lại tiền đầy đủ nếu bạn không hài lòng với khóa học.
audio_1051_Chung_toi_cung_cap_chuong_trinh_tra_gop_cho_mot_so.wav|R8_BMIHJQU8|Chúng tôi cung cấp chương trình trả góp cho một số khóa học nhất định.
audio_1052_Dung_quen_mang_theo_tat_ca_cac_bien_lai_khi_ban_de.wav|R8_BMIHJQU8|Đừng quên mang theo tất cả các biên lai khi bạn đến làm thủ tục khai thuế.
audio_1053_Chung_toi_se_cu_mot_ky_thuat_vien_qua_nha_ban_tron.wav|R8_BMIHJQU8|Chúng tôi sẽ cử một kỹ thuật viên qua nhà bạn trong ngày mai.
audio_1054_Chung_toi_khong_chiu_trach_nhiem_cho_bat_ky_chi_ph.wav|R8_BMIHJQU8|Chúng tôi không chịu trách nhiệm cho bất kỳ chi phí vận chuyển liên quan.
audio_1055_Ban_can_cap_nhat_thiet_bi_cua_ban_len_phien_ban_mo.wav|R8_BMIHJQU8|Bạn cần cập nhật thiết bị của bạn lên phiên bản mới nhất trước khi tiếp tục.
audio_1056_Ban_co_the_can_phai_lam_moi_trang_de_xem_cac_ban_c.wav|R8_BMIHJQU8|Bạn có thể cần phải làm mới trang để xem các bản cập nhật mới.
audio_1057_Xoa_ung_dung_khoi_man_hinh_cua_ban_bang_cach_nhap.wav|R8_BMIHJQU8|Xóa ứng dụng khỏi màn hình của bạn bằng cách nhấp chuột phải vào và chọn xóa.
audio_1058_Ban_da_tham_gia_bat_ky_khoa_hoc_nao_voi_chung_toi.wav|R8_BMIHJQU8|Bạn đã tham gia bất kỳ khóa học nào với chúng tôi trước đây chưa?
audio_1059_Bieu_dien_truc_tiep_la_mot_trong_nhung_yeu_cau_de.wav|R8_BMIHJQU8|Biểu diễn trực tiếp là một trong những yêu cầu để nhận được chứng chỉ.
audio_1060_Chung_toi_khong_cung_cap_hoc_bong_nhung_sinh_vien.wav|R8_BMIHJQU8|Chúng tôi không cung cấp học bổng, nhưng sinh viên được giảm mười phần trăm.
audio_1061_Khoa_hoc_ngon_ngu_tieng_Anh_chi_danh_cho_nhung_ngu.wav|R8_BMIHJQU8|Khóa học ngôn ngữ tiếng Anh chỉ dành cho những người học nâng cao.
audio_1062_Chung_toi_co_mot_giai_dau_cap_truong_cho_hoc_sinh.wav|R8_BMIHJQU8|Chúng tôi có một giải đấu cấp trường cho học sinh sáu tháng một lần.
audio_1063_Ban_nen_sac_may_tinh_xach_tay_cua_minh_trong_24_gi.wav|R8_BMIHJQU8|Bạn nên sạc máy tính xách tay của mình trong 24 giờ cho lần sạc đầu tiên.
audio_1064_Chung_toi_chi_muon_hoi_ban_mot_vai_cau_hoi_ve_san.wav|R8_BMIHJQU8|Chúng tôi chỉ muốn hỏi bạn một vài câu hỏi về sản phẩm của bạn.
audio_1065_Ban_co_muon_tham_gia_chuong_trinh_khach_hang_than.wav|R8_BMIHJQU8|Bạn có muốn tham gia chương trình khách hàng thân thiết của chúng tôi không?
audio_1066_Do_la_ly_do_tai_sao_don_dat_hang_cua_ban_bi_giao_h.wav|R8_BMIHJQU8|Đó là lý do tại sao đơn đặt hàng của bạn bị giao hàng chậm một chút.
audio_1067_Email_nay_co_the_khong_an_toan_ban_co_chac_chan_mu.wav|R8_BMIHJQU8|Email này có thể không an toàn, bạn có chắc chắn muốn mở nó không?
audio_1068_Chung_toi_co_tuy_chon_giao_hang_ngay_vao_ngay_hom.wav|R8_BMIHJQU8|Chúng tôi có tùy chọn giao hàng ngay vào ngày hôm sau với một khoản phụ phí.
audio_1069_Chung_toi_co_chuong_trinh_dac_biet_mua_2_tang_1_tr.wav|R8_BMIHJQU8|Chúng tôi có chương trình đặc biệt mua 2 tặng 1 trong hôm nay và ngày mai.
audio_1070_Chung_toi_co_nhieu_lop_mot_tuan_nen_viec_sap_xep_l.wav|R8_BMIHJQU8|Chúng tôi có nhiều lớp một tuần nên việc sắp xếp lịch học không phải là vấn đề.
audio_1071_Lich_trinh_cua_chung_toi_rat_linh_hoat_giup_dap_un.wav|R8_BMIHJQU8|Lịch trình của chúng tôi rất linh hoạt, giúp đáp ứng nhu cầu của sinh viên.
audio_1072_Ban_phai_xuat_trinh_bang_chung_mua_hang_de_du_dieu.wav|R8_BMIHJQU8|Bạn phải xuất trình bằng chứng mua hàng để đủ điều kiện được hoàn lại tiền.
audio_1073_Vui_long_gui_cho_chung_toi_mo_ta_chi_tiet_ve_hu_ho.wav|R8_BMIHJQU8|Vui lòng gửi cho chúng tôi mô tả chi tiết về hư hỏng của sản phẩm.
audio_1074_Ban_can_nang_cap_he_thong_truoc_khi_co_the_luu_bat.wav|R8_BMIHJQU8|Bạn cần nâng cấp hệ thống trước khi có thể lưu bất kỳ thay đổi nào.
audio_1075_Ngoai_dung_de_tay_trang_cho_da_chat_nay_cung_co_tr.wav|R8_BMIHJQU8|Ngoài dùng để tẩy trang cho da, chất này cũng có trong thành phần của dầu gội micellar water để chăm sóc tóc.
audio_1076_Hay_thu_di_chuyen_den_gan_bo_dinh_tuyen_cua_ban_de.wav|R8_BMIHJQU8|Hãy thử di chuyển đến gần bộ định tuyến của bạn để kết nối tốt hơn.
audio_1077_Vi_vay_su_dung_nuoc_tay_trang_la_mot_buoc_khong_th.wav|R8_BMIHJQU8|Vì vậy sử dụng nước tẩy trang là một bước không thể thiếu trong quá trình chăm sóc da.
audio_1078_Ban_da_nghi_den_viec_su_dung_mot_chiec_xe_chay_hoa.wav|R8_BMIHJQU8|Bạn đã nghĩ đến việc sử dụng một chiếc xe chạy hoàn toàn bằng điện chưa?
audio_1079_Day_la_san_pham_ban_chay_nhat_cua_chung_toi.wav|R8_BMIHJQU8|Đây là sản phẩm bán chạy nhất của chúng tôi.
audio_1080_Ban_chua_thuc_hien_bat_ky_cap_nhat_nao_tren_may_ti.wav|R8_BMIHJQU8|Bạn chưa thực hiện bất kỳ cập nhật nào trên máy tính của mình phải không?
audio_1081_Cam_on_phan_hoi_cua_ban_chung_toi_danh_gia_cao_y_k.wav|R8_BMIHJQU8|Cảm ơn phản hồi của bạn, chúng tôi đánh giá cao ý kiến ​​của mọi khách hàng!
audio_1082_Ban_co_the_them_lop_hoc_nay_vao_lich_trinh_cua_min.wav|R8_BMIHJQU8|Bạn có thể thêm lớp học này vào lịch trình của mình và tốn một khoản phụ phí.
audio_1083_Chung_toi_cung_cap_cac_khoa_hoc_bang_tieng_Anh_tie.wav|R8_BMIHJQU8|Chúng tôi cung cấp các khóa học bằng tiếng Anh, tiếng Pháp và tiếng Tây Ban Nha.
audio_1084_Do_loi_cua_nha_san_xuat_chung_toi_co_the_thay_the.wav|R8_BMIHJQU8|Do lỗi của nhà sản xuất, chúng tôi có thể thay thế hàng miễn phí cho bạn.
audio_1085_Ban_co_the_mang_hang_den_cua_hang_hoac_gui_qua_duo.wav|R8_BMIHJQU8|Bạn có thể mang hàng đến cửa hàng hoặc gửi qua đường bưu điện cho chúng tôi.
audio_1086_San_pham_cua_ban_khong_nam_trong_danh_sach_thu_hoi.wav|R8_BMIHJQU8|Sản phẩm của bạn không nằm trong danh sách thu hồi của nhà sản xuất.
audio_1087_Vui_long_chuyen_hang_lai_cho_chung_toi_truoc_thu_N.wav|R8_BMIHJQU8|Vui lòng chuyển hàng lại cho chúng tôi trước thứ Năm.
audio_1088_Neu_ban_cap_nhat_chua_duoc_tai_xuong_sau_hai_phut.wav|R8_BMIHJQU8|Nếu bản cập nhật chưa được tải xuống sau hai phút, hãy khởi động lại thiết bị của bạn.
audio_1089_Ban_dung_thu_mien_phi_cua_ban_da_het_han_vao_ngay.wav|R8_BMIHJQU8|Bản dùng thử miễn phí của bạn đã hết hạn vào ngày hôm qua.
audio_1090_Xin_loi_thanh_toan_cua_ban_khong_thanh_cong_khong.wav|R8_BMIHJQU8|Xin lỗi, thanh toán của bạn không thành công, không có khoản phí nào được thực hiện.
audio_1091_Nuoc_tay_trang_la_san_pham_giup_loai_bo_lop_trang.wav|R8_BMIHJQU8|Nước tẩy trang là sản phẩm giúp loại bỏ lớp trang điểm.
audio_1092_Neu_ban_mua_ngay_bay_gio_ban_se_khong_phai_tra_lai.wav|R8_BMIHJQU8|Nếu bạn mua ngay bây giờ, bạn sẽ không phải trả lãi suất cho năm tiếp theo.
audio_1093_Cac_loai_mut_nay_deu_duoc_san_xuat_tai_dia_phuong.wav|R8_BMIHJQU8|Các loại mứt này đều được sản xuất tại địa phương nên hương vị rất tươi ngon.
audio_1094_Ban_co_the_kiem_tra_trang_web_de_xem_nhung_hoc_bon.wav|R8_BMIHJQU8|Bạn có thể kiểm tra trang web để xem những học bổng mà chúng tôi cung cấp.
audio_1095_Chung_toi_phan_chia_cac_lop_hoc_cua_minh_theo_do_t.wav|R8_BMIHJQU8|Chúng tôi phân chia các lớp học của mình theo độ tuổi và trình độ ngôn ngữ.
audio_1096_Chung_toi_co_the_sap_xep_cho_ban_mot_giao_vien_huo.wav|R8_BMIHJQU8|Chúng tôi có thể sắp xếp cho bạn một giáo viên hướng dẫn riêng nếu bạn muốn.
audio_1097_Neu_may_tinh_cua_ban_qua_nong_ban_nen_lam_mat_no_t.wav|R8_BMIHJQU8|Nếu máy tính của bạn quá nóng, bạn nên làm mát nó trước.
audio_1098_Chung_toi_chi_ban_san_pham_cho_nhung_khach_hang_co.wav|R8_BMIHJQU8|Chúng tôi chỉ bán sản phẩm cho những khách hàng có giấy chứng nhận phù hợp.
audio_1099_Neu_ban_muon_tim_hieu_them_ve_san_pham_moi_hay_goi.wav|R8_BMIHJQU8|Nếu bạn muốn tìm hiểu thêm về sản phẩm mới, hãy gọi cho chúng tôi!
audio_1100_Chung_toi_van_chuyen_tren_toan_the_gioi_nhung_thoi.wav|R8_BMIHJQU8|Chúng tôi vận chuyển trên toàn thế giới, nhưng thời gian vận chuyển thường là một vài tuần.
audio_1101_Ban_co_san_sang_tham_gia_cuoc_khao_sat_nhanh_ve_vi.wav|R8_BMIHJQU8|Bạn có sẵn sàng tham gia cuộc khảo sát nhanh về việc mua hàng của mình không?
audio_1102_Moi_du_an_duoc_thiet_ke_de_dap_ung_cac_nhu_cau_cu.wav|R8_BMIHJQU8|Mỗi dự án được thiết kế để đáp ứng các nhu cầu cụ thể của khách hàng.
audio_1103_Ban_co_the_doi_the_qua_tang_cua_minh_o_bat_ky_dia.wav|R8_BMIHJQU8|Bạn có thể đổi thẻ quà tặng của mình ở bất kỳ địa điểm nào của chúng tôi.
audio_1104_Toi_khong_the_tim_thay_bat_ky_mat_hang_nao_trong_k.wav|R8_BMIHJQU8|Tôi không thể tìm thấy bất kỳ mặt hàng nào trong kho phù hợp với nhu cầu của bạn.
audio_1105_Ban_co_muon_them_bat_ky_mat_hang_bo_sung_nao_vao_d.wav|R8_BMIHJQU8|Bạn có muốn thêm bất kỳ mặt hàng bổ sung nào vào đơn đặt hàng của bạn không?
audio_1106_Tat_ca_cac_khoan_tra_lai_deu_can_co_hoa_don_mua_ha.wav|R8_BMIHJQU8|Tất cả các khoản trả lại đều cần có hóa đơn mua hàng hoặc biên nhận điện tử.
audio_1107_Toi_xin_loi_nhung_chung_toi_khong_the_xu_ly_viec_t.wav|R8_BMIHJQU8|Tôi xin lỗi nhưng chúng tôi không thể xử lý việc trả lại mà không có biên lai mua hàng.
audio_1108_Chung_toi_cung_cap_cac_giai_phap_tuy_chinh_de_phu.wav|R8_BMIHJQU8|Chúng tôi cung cấp các giải pháp tùy chỉnh để phù hợp nhất với nhu cầu của bạn.
audio_1109_Chung_toi_giup_cac_cong_ty_dang_phat_trien_trien_k.wav|R8_BMIHJQU8|Chúng tôi giúp các công ty đang phát triển triển khai các hệ thống kinh doanh phức tạp.
audio_1110_Chung_toi_la_nha_cung_cap_dich_vu_du_lieu_chuyen_n.wav|R8_BMIHJQU8|Chúng tôi là nhà cung cấp dịch vụ dữ liệu chuyên nghiệp hàng đầu ở Mỹ.
audio_1111_Chung_toi_giup_khach_hang_vuot_qua_nhung_thach_thu.wav|R8_BMIHJQU8|Chúng tôi giúp khách hàng vượt qua những thách thức trong một thị trường phát triển nhanh chóng.
audio_1112_Nguoi_doat_giai_chiu_trach_nhiem_dong_thue_thu_nha.wav|R8_BMIHJQU8|Người đoạt giải chịu trách nhiệm đóng thuế thu nhập cá nhân theo quy định của pháp luật.
audio_1113_Hay_de_toi_kiem_tra_trang_web_cua_chung_toi_xem_ch.wav|R8_BMIHJQU8|Hãy để tôi kiểm tra trang web của chúng tôi xem chúng tôi có mô hình nào phù hợp với bạn.
audio_1114_Thuc_pham_chung_toi_che_bien_o_day_deu_duoc_lam_ba.wav|R8_BMIHJQU8|Thực phẩm chúng tôi chế biến ở đây đều được làm bằng nguyên liệu không biến đổi gen.
audio_1115_Ngoai_ra_chung_toi_con_co_mot_so_khoa_hoc_chuyen_s.wav|R8_BMIHJQU8|Ngoài ra chúng tôi còn có một số khóa học chuyên sâu, bạn có thể tham gia vào cuối tuần.
audio_1116_Giao_vien_trong_cac_khoa_hoc_nang_cao_se_khong_cho.wav|R8_BMIHJQU8|Giáo viên trong các khóa học nâng cao sẽ không cho phép học sinh nói tiếng mẹ đẻ.
audio_1117_Chung_toi_co_the_gui_cho_ban_mot_san_pham_thay_the.wav|R8_BMIHJQU8|Chúng tôi có thể gửi cho bạn một sản phẩm thay thế hoặc hoàn lại tiền cho bạn.
audio_1118_Toi_se_gui_cho_ban_mot_lien_ket_den_danh_sach_tat.wav|R8_BMIHJQU8|Tôi sẽ gửi cho bạn một liên kết đến danh sách tất cả các phụ kiện tương thích.
audio_1119_Pin_chi_su_dung_duoc_vai_nam_co_ve_nhu_ban_can_tha.wav|R8_BMIHJQU8|Pin chỉ sử dụng được vài năm, có vẻ như bạn cần thay pin.
audio_1120_Toi_goi_de_thong_bao_cho_ban_biet_don_dat_hang_cua.wav|R8_BMIHJQU8|Tôi gọi để thông báo cho bạn biết đơn đặt hàng của bạn đã bị hoãn.
audio_1121_Ban_co_the_nhap_ma_nay_de_nhan_them_muoi_lam_phan.wav|R8_BMIHJQU8|Bạn có thể nhập mã này để nhận thêm mười lăm phần trăm giảm giá.
audio_1122_De_duoc_ho_tro_cai_dat_vui_long_goi_dien_hoac_truy.wav|R8_BMIHJQU8|Để được hỗ trợ cài đặt, vui lòng gọi điện hoặc truy cập trang web của chúng tôi.
audio_1123_Hoan_tat_giao_dich_mua_cua_ban_hom_nay_va_nhan_nga.wav|R8_BMIHJQU8|Hoàn tất giao dịch mua của bạn hôm nay và nhận ngay chiết khấu mười phần trăm!
audio_1124_Viec_mua_hang_phai_duoc_thuc_hien_truoc_9_gio_toi.wav|R8_BMIHJQU8|Việc mua hàng phải được thực hiện trước 9 giờ tối mới đủ điều kiện để vận chuyển nhanh.
audio_1125_Vui_long_kiem_tra_voi_nha_ban_le_dia_phuong_cua_ba.wav|R8_BMIHJQU8|Vui lòng kiểm tra với nhà bán lẻ địa phương của bạn về chính sách cửa hàng cá nhân.
audio_1126_Neu_ky_nang_lap_trinh_cua_ban_khong_duoc_cai_thien.wav|R8_BMIHJQU8|Nếu kỹ năng lập trình của bạn không được cải thiện thì bạn không phải trả học phí!
audio_1127_Ban_chi_du_dieu_kien_de_duoc_hoan_tien_day_du_tron.wav|R8_BMIHJQU8|Bạn chỉ đủ điều kiện để được hoàn tiền đầy đủ trong vòng 30 ngày kể từ ngày mua.
audio_1128_Ban_phai_cung_cap_bang_chung_mua_hang_truoc_khi_ch.wav|R8_BMIHJQU8|Bạn phải cung cấp bằng chứng mua hàng trước khi chúng tôi có thể hỗ trợ bạn.
audio_1129_Neu_ban_gap_su_co_nay_lan_nua_vui_long_lien_he_voi.wav|R8_BMIHJQU8|Nếu bạn gặp sự cố này lần nữa, vui lòng liên hệ với chúng tôi sớm nhất có thể.
audio_1130_Chi_trong_hom_nay_neu_ban_mua_hai_chiec_ban_se_duo.wav|R8_BMIHJQU8|Chỉ trong hôm nay, nếu bạn mua hai chiếc, bạn sẽ được tặng một chiếc miễn phí.
audio_1131_Truong_to_chuc_cac_hoat_dong_vao_moi_cuoi_tuan_giu.wav|R8_BMIHJQU8|Trường tổ chức các hoạt động vào mỗi cuối tuần giúp sinh viên thực hành những gì đã học.
audio_1132_Trong_khi_xe_dang_duoc_sua_chua_ban_co_the_thue_mo.wav|R8_BMIHJQU8|Trong khi xe đang được sửa chữa, bạn có thể thuê một trong những chiếc xe của chúng tôi.
audio_1133_Vui_long_mang_no_den_mot_trong_nhung_trung_tam_bao.wav|R8_BMIHJQU8|Vui lòng mang nó đến một trong những trung tâm bảo hành của chúng tôi để được sửa chữa.
audio_1134_Viec_cai_tien_quy_trinh_kinh_doanh_chi_co_the_duoc.wav|R8_BMIHJQU8|Việc cải tiến quy trình kinh doanh chỉ có thể được thực hiện với tài liệu quy trình chính xác.
audio_1135_Cac_lop_hoc_cua_chung_toi_duoc_dieu_chinh_de_phu_h.wav|R8_BMIHJQU8|Các lớp học của chúng tôi được điều chỉnh để phù hợp nhất với nhu cầu của từng học viên.
audio_1136_Ban_co_the_tham_gia_mot_lop_hoc_thu_ba_muoi_phut_m.wav|R8_BMIHJQU8|Bạn có thể tham gia một lớp học thử ba mươi phút miễn phí.
audio_1137_Toi_rat_tiec_khi_biet_dieu_do_chung_toi_se_gui_cho.wav|R8_BMIHJQU8|Tôi rất tiếc khi biết điều đó, chúng tôi sẽ gửi cho bạn thiết bị thay thế ngay lập tức.
audio_1138_Cac_giai_phap_cua_chung_toi_rat_linh_hoat_va_co_th.wav|R8_BMIHJQU8|Các giải pháp của chúng tôi rất linh hoạt và có thể giúp bạn giải quyết các khó khăn.
audio_1139_Doi_ngu_nhan_vien_cua_chung_toi_se_san_long_tra_lo.wav|R8_BMIHJQU8|Đội ngũ nhân viên của chúng tôi sẽ sẵn lòng trả lời bất kỳ câu hỏi nào của bạn.
audio_1140_Ban_co_thoi_gian_de_thuc_hien_khao_sat_ve_muc_do_h.wav|R8_BMIHJQU8|Bạn có thời gian để thực hiện khảo sát về mức độ hài lòng của khách hàng bây giờ không?
audio_1141_Ban_to_chuc_se_lien_he_voi_nguoi_thang_giai_cua_mo.wav|R8_BMIHJQU8|Ban tổ chức sẽ liên hệ với người thắng giải của mỗi bài thi và người thắng giải chung cuộc để xác nhận và trao giải.
audio_1142_Chung_toi_goi_dien_de_thong_bao_cho_ban_biet_rang.wav|R8_BMIHJQU8|Chúng tôi gọi điện để thông báo cho bạn biết rằng sản phẩm bạn đã mua sẽ bị thu hồi.
audio_1143_Chung_toi_goi_dien_de_dam_bao_rang_cac_thiet_bi_cu.wav|R8_BMIHJQU8|Chúng tôi gọi điện để đảm bảo rằng các thiết bị của bạn vẫn đang hoạt động bình thường.
audio_1144_Tat_ca_cac_giao_dich_mua_tren_mot_trieu_dong_deu_d.wav|R8_BMIHJQU8|Tất cả các giao dịch mua trên một triệu đồng đều được tham gia rút thăm trúng thưởng hàng tháng của chúng tôi.
audio_1145_Dich_vu_khach_hang_la_uu_tien_cua_chung_toi_va_chu.wav|R8_BMIHJQU8|Dịch vụ khách hàng là ưu tiên của chúng tôi và chúng tôi sẽ xử lý mọi khiếu nại một cách nghiêm túc.
audio_1146_Chung_toi_khong_the_hoan_lai_tien_cho_ban_nhung_ch.wav|R8_BMIHJQU8|Chúng tôi không thể hoàn lại tiền cho bạn nhưng chúng tôi có thể cung cấp cho bạn thẻ giảm giá mua sắm.
audio_1147_Vui_long_mang_may_den_trung_tam_bao_hanh_de_ky_thu.wav|R8_BMIHJQU8|Vui lòng mang máy đến trung tâm bảo hành để kỹ thuật viên của chúng tôi có thể kiểm tra.
audio_1148_Chung_toi_khong_the_hoan_lai_day_du_cho_ban_nhung.wav|R8_BMIHJQU8|Chúng tôi không thể hoàn lại đầy đủ cho bạn nhưng chúng tôi có thể hoàn lại 40% tiền mặt cho bạn.
audio_1149_Doi_ngu_chuyen_gia_cua_chung_toi_co_the_giai_quyet.wav|R8_BMIHJQU8|Đội ngũ chuyên gia của chúng tôi có thể giải quyết những vấn đề khó khăn nhất.
audio_1150_Chung_toi_dam_bao_hoan_lai_tien_neu_ban_khong_vua.wav|R8_BMIHJQU8|Chúng tôi đảm bảo hoàn lại tiền nếu bạn không vừa ý.
